crop,unit,year,value,source,adm_level,adm_code,adm_name
bana,ha,1961,10353,FAOSTAT,0,AUS,Australia
bana,ha,1962,10353,FAOSTAT,0,AUS,Australia
bana,ha,1963,10971,FAOSTAT,0,AUS,Australia
bana,ha,1964,10845,FAOSTAT,0,AUS,Australia
bana,ha,1965,9792,FAOSTAT,0,AUS,Australia
bana,ha,1966,9411,FAOSTAT,0,AUS,Australia
bana,ha,1967,9130,FAOSTAT,0,AUS,Australia
bana,ha,1968,9354,FAOSTAT,0,AUS,Australia
bana,ha,1969,9457,FAOSTAT,0,AUS,Australia
bana,ha,1970,9420,FAOSTAT,0,AUS,Australia
bana,ha,1971,9409,FAOSTAT,0,AUS,Australia
bana,ha,1972,9027,FAOSTAT,0,AUS,Australia
bana,ha,1973,8593,FAOSTAT,0,AUS,Australia
bana,ha,1974,8075,FAOSTAT,0,AUS,Australia
bana,ha,1975,7280,FAOSTAT,0,AUS,Australia
bana,ha,1976,6875,FAOSTAT,0,AUS,Australia
bana,ha,1977,6679,FAOSTAT,0,AUS,Australia
bana,ha,1978,6148,FAOSTAT,0,AUS,Australia
bana,ha,1979,6878,FAOSTAT,0,AUS,Australia
bana,ha,1980,7109,FAOSTAT,0,AUS,Australia
bana,ha,1981,7603,FAOSTAT,0,AUS,Australia
bana,ha,1982,7571,FAOSTAT,0,AUS,Australia
bana,ha,1983,7844,FAOSTAT,0,AUS,Australia
bana,ha,1984,8129,FAOSTAT,0,AUS,Australia
bana,ha,1985,7832,FAOSTAT,0,AUS,Australia
bana,ha,1986,7659,FAOSTAT,0,AUS,Australia
bana,ha,1987,7769,FAOSTAT,0,AUS,Australia
bana,ha,1988,7969,FAOSTAT,0,AUS,Australia
bana,ha,1989,7941,FAOSTAT,0,AUS,Australia
bana,ha,1990,7924,FAOSTAT,0,AUS,Australia
bana,ha,1991,7962,FAOSTAT,0,AUS,Australia
bana,ha,1992,8159,FAOSTAT,0,AUS,Australia
bana,ha,1993,8656,FAOSTAT,0,AUS,Australia
bana,ha,1994,8756,FAOSTAT,0,AUS,Australia
bana,ha,1995,8281,FAOSTAT,0,AUS,Australia
bana,ha,1996,8893,FAOSTAT,0,AUS,Australia
bana,ha,1997,9589,FAOSTAT,0,AUS,Australia
bana,ha,1998,10478,FAOSTAT,0,AUS,Australia
bana,ha,1999,11405,FAOSTAT,0,AUS,Australia
bana,ha,2000,13436,FAOSTAT,0,AUS,Australia
bana,ha,2001,11737,FAOSTAT,0,AUS,Australia
bana,ha,2002,12583,FAOSTAT,0,AUS,Australia
bana,ha,2003,10659,FAOSTAT,0,AUS,Australia
bana,ha,2004,10861,FAOSTAT,0,AUS,Australia
bana,ha,2005,10361,FAOSTAT,0,AUS,Australia
bana,ha,2006,11168,FAOSTAT,0,AUS,Australia
bana,ha,2007,11662,FAOSTAT,0,AUS,Australia
bana,ha,2008,9853,FAOSTAT,0,AUS,Australia
bana,ha,2009,11992,FAOSTAT,0,AUS,Australia
bana,ha,2010,11543,FAOSTAT,0,AUS,Australia
bana,ha,2011,11196,FAOSTAT,0,AUS,Australia
bana,ha,2012,13496,FAOSTAT,0,AUS,Australia
bana,ha,2013,14218,FAOSTAT,0,AUS,Australia
bana,ha,2014,12085,FAOSTAT,0,AUS,Australia
bana,ha,2015,11788,FAOSTAT,0,AUS,Australia
bana,ha,2016,16612,FAOSTAT,0,AUS,Australia
bana,ha,2017,14021,FAOSTAT,0,AUS,Australia
bana,ha,2018,12477,FAOSTAT,0,AUS,Australia
bana,ha,2019,10962,FAOSTAT,0,AUS,Australia
bana,ha,2020,12254,FAOSTAT,0,AUS,Australia
barl,ha,1961,964512,FAOSTAT,0,AUS,Australia
barl,ha,1962,820498,FAOSTAT,0,AUS,Australia
barl,ha,1963,814765,FAOSTAT,0,AUS,Australia
barl,ha,1964,835306,FAOSTAT,0,AUS,Australia
barl,ha,1965,929849,FAOSTAT,0,AUS,Australia
barl,ha,1966,1010784,FAOSTAT,0,AUS,Australia
barl,ha,1967,1056818,FAOSTAT,0,AUS,Australia
barl,ha,1968,1340995,FAOSTAT,0,AUS,Australia
barl,ha,1969,1521163,FAOSTAT,0,AUS,Australia
barl,ha,1970,2000057,FAOSTAT,0,AUS,Australia
barl,ha,1971,2535421,FAOSTAT,0,AUS,Australia
barl,ha,1972,2139902,FAOSTAT,0,AUS,Australia
barl,ha,1973,1894474,FAOSTAT,0,AUS,Australia
barl,ha,1974,1825550,FAOSTAT,0,AUS,Australia
barl,ha,1975,2329000,FAOSTAT,0,AUS,Australia
barl,ha,1976,2320963,FAOSTAT,0,AUS,Australia
barl,ha,1977,2802638,FAOSTAT,0,AUS,Australia
barl,ha,1978,2785000,FAOSTAT,0,AUS,Australia
barl,ha,1979,2482354,FAOSTAT,0,AUS,Australia
barl,ha,1980,2451000,FAOSTAT,0,AUS,Australia
barl,ha,1981,2685000,FAOSTAT,0,AUS,Australia
barl,ha,1982,2452436,FAOSTAT,0,AUS,Australia
barl,ha,1983,3108544,FAOSTAT,0,AUS,Australia
barl,ha,1984,3518105,FAOSTAT,0,AUS,Australia
barl,ha,1985,3238000,FAOSTAT,0,AUS,Australia
barl,ha,1986,2274000,FAOSTAT,0,AUS,Australia
barl,ha,1987,2346000,FAOSTAT,0,AUS,Australia
barl,ha,1988,2190112,FAOSTAT,0,AUS,Australia
barl,ha,1989,2309935,FAOSTAT,0,AUS,Australia
barl,ha,1990,2450000,FAOSTAT,0,AUS,Australia
barl,ha,1991,2650000,FAOSTAT,0,AUS,Australia
barl,ha,1992,2947000,FAOSTAT,0,AUS,Australia
barl,ha,1993,3424470,FAOSTAT,0,AUS,Australia
barl,ha,1994,2470490,FAOSTAT,0,AUS,Australia
barl,ha,1995,3110590,FAOSTAT,0,AUS,Australia
barl,ha,1996,3367000,FAOSTAT,0,AUS,Australia
barl,ha,1997,3521000,FAOSTAT,0,AUS,Australia
barl,ha,1998,3167000,FAOSTAT,0,AUS,Australia
barl,ha,1999,2589000,FAOSTAT,0,AUS,Australia
barl,ha,2000,3454000,FAOSTAT,0,AUS,Australia
barl,ha,2001,3454047,FAOSTAT,0,AUS,Australia
barl,ha,2002,3707378,FAOSTAT,0,AUS,Australia
barl,ha,2003,3863778,FAOSTAT,0,AUS,Australia
barl,ha,2004,4477024,FAOSTAT,0,AUS,Australia
barl,ha,2005,4645658,FAOSTAT,0,AUS,Australia
barl,ha,2006,4405727,FAOSTAT,0,AUS,Australia
barl,ha,2007,4181979,FAOSTAT,0,AUS,Australia
barl,ha,2008,4901838,FAOSTAT,0,AUS,Australia
barl,ha,2009,5015011,FAOSTAT,0,AUS,Australia
barl,ha,2010,4421596,FAOSTAT,0,AUS,Australia
barl,ha,2011,3680994,FAOSTAT,0,AUS,Australia
barl,ha,2012,3718261,FAOSTAT,0,AUS,Australia
barl,ha,2013,3644368,FAOSTAT,0,AUS,Australia
barl,ha,2014,3814113,FAOSTAT,0,AUS,Australia
barl,ha,2015,4078041,FAOSTAT,0,AUS,Australia
barl,ha,2016,4107648,FAOSTAT,0,AUS,Australia
barl,ha,2017,4834102,FAOSTAT,0,AUS,Australia
barl,ha,2018,4124158,FAOSTAT,0,AUS,Australia
barl,ha,2019,4436588,FAOSTAT,0,AUS,Australia
barl,ha,2020,5040903,FAOSTAT,0,AUS,Australia
bean,ha,1961,809,FAOSTAT,0,AUS,Australia
bean,ha,1962,809,FAOSTAT,0,AUS,Australia
bean,ha,1963,2023,FAOSTAT,0,AUS,Australia
bean,ha,1964,1214,FAOSTAT,0,AUS,Australia
bean,ha,1965,1214,FAOSTAT,0,AUS,Australia
bean,ha,1966,2023,FAOSTAT,0,AUS,Australia
bean,ha,1967,2428,FAOSTAT,0,AUS,Australia
bean,ha,1968,4053,FAOSTAT,0,AUS,Australia
bean,ha,1969,5266,FAOSTAT,0,AUS,Australia
bean,ha,1970,4644,FAOSTAT,0,AUS,Australia
bean,ha,1971,8412,FAOSTAT,0,AUS,Australia
bean,ha,1972,9516,FAOSTAT,0,AUS,Australia
bean,ha,1973,4523,FAOSTAT,0,AUS,Australia
bean,ha,1974,3230,FAOSTAT,0,AUS,Australia
bean,ha,1975,7592,FAOSTAT,0,AUS,Australia
bean,ha,1976,8224,FAOSTAT,0,AUS,Australia
bean,ha,1977,10360,FAOSTAT,0,AUS,Australia
bean,ha,1978,4784,FAOSTAT,0,AUS,Australia
bean,ha,1979,4297,FAOSTAT,0,AUS,Australia
bean,ha,1980,3314,FAOSTAT,0,AUS,Australia
bean,ha,1981,5690,FAOSTAT,0,AUS,Australia
bean,ha,1982,21748,FAOSTAT,0,AUS,Australia
bean,ha,1983,23017,FAOSTAT,0,AUS,Australia
bean,ha,1984,30390,FAOSTAT,0,AUS,Australia
bean,ha,1985,41006,FAOSTAT,0,AUS,Australia
bean,ha,1986,57932,FAOSTAT,0,AUS,Australia
bean,ha,1987,36235,FAOSTAT,0,AUS,Australia
bean,ha,1988,38302,FAOSTAT,0,AUS,Australia
bean,ha,1989,24572,FAOSTAT,0,AUS,Australia
bean,ha,1990,29788,FAOSTAT,0,AUS,Australia
bean,ha,1991,32174,FAOSTAT,0,AUS,Australia
bean,ha,1992,38000,FAOSTAT,0,AUS,Australia
bean,ha,1993,27800,FAOSTAT,0,AUS,Australia
bean,ha,1994,38100,FAOSTAT,0,AUS,Australia
bean,ha,1995,41100,FAOSTAT,0,AUS,Australia
bean,ha,1996,52700,FAOSTAT,0,AUS,Australia
bean,ha,1997,44000,FAOSTAT,0,AUS,Australia
bean,ha,1998,54000,FAOSTAT,0,AUS,Australia
bean,ha,1999,52000,FAOSTAT,0,AUS,Australia
bean,ha,2000,52000,FAOSTAT,0,AUS,Australia
bean,ha,2001,47200,FAOSTAT,0,AUS,Australia
bean,ha,2002,49100,FAOSTAT,0,AUS,Australia
bean,ha,2003,26678,FAOSTAT,0,AUS,Australia
bean,ha,2004,33597,FAOSTAT,0,AUS,Australia
bean,ha,2005,40380,FAOSTAT,0,AUS,Australia
bean,ha,2006,28000,FAOSTAT,0,AUS,Australia
bean,ha,2007,44291,FAOSTAT,0,AUS,Australia
bean,ha,2008,45000,FAOSTAT,0,AUS,Australia
bean,ha,2009,54585,FAOSTAT,0,AUS,Australia
bean,ha,2010,86400,FAOSTAT,0,AUS,Australia
bean,ha,2011,55000,FAOSTAT,0,AUS,Australia
bean,ha,2012,38000,FAOSTAT,0,AUS,Australia
bean,ha,2013,35000,FAOSTAT,0,AUS,Australia
bean,ha,2014,64000,FAOSTAT,0,AUS,Australia
bean,ha,2015,119000,FAOSTAT,0,AUS,Australia
bean,ha,2016,130000,FAOSTAT,0,AUS,Australia
bean,ha,2017,107294,FAOSTAT,0,AUS,Australia
bean,ha,2018,108254,FAOSTAT,0,AUS,Australia
bean,ha,2019,107078,FAOSTAT,0,AUS,Australia
bean,ha,2020,111570,FAOSTAT,0,AUS,Australia
chic,ha,1983,3100,FAOSTAT,0,AUS,Australia
chic,ha,1984,6400,FAOSTAT,0,AUS,Australia
chic,ha,1985,26400,FAOSTAT,0,AUS,Australia
chic,ha,1986,67702,FAOSTAT,0,AUS,Australia
chic,ha,1987,54870,FAOSTAT,0,AUS,Australia
chic,ha,1988,67540,FAOSTAT,0,AUS,Australia
chic,ha,1989,93077,FAOSTAT,0,AUS,Australia
chic,ha,1990,177421,FAOSTAT,0,AUS,Australia
chic,ha,1991,249671,FAOSTAT,0,AUS,Australia
chic,ha,1992,150802,FAOSTAT,0,AUS,Australia
chic,ha,1993,146837,FAOSTAT,0,AUS,Australia
chic,ha,1994,208854,FAOSTAT,0,AUS,Australia
chic,ha,1995,216415,FAOSTAT,0,AUS,Australia
chic,ha,1996,241500,FAOSTAT,0,AUS,Australia
chic,ha,1997,273000,FAOSTAT,0,AUS,Australia
chic,ha,1998,308500,FAOSTAT,0,AUS,Australia
chic,ha,1999,218000,FAOSTAT,0,AUS,Australia
chic,ha,2000,262000,FAOSTAT,0,AUS,Australia
chic,ha,2001,195000,FAOSTAT,0,AUS,Australia
chic,ha,2002,201161,FAOSTAT,0,AUS,Australia
chic,ha,2003,200815,FAOSTAT,0,AUS,Australia
chic,ha,2004,110173,FAOSTAT,0,AUS,Australia
chic,ha,2005,105300,FAOSTAT,0,AUS,Australia
chic,ha,2006,244000,FAOSTAT,0,AUS,Australia
chic,ha,2007,306000,FAOSTAT,0,AUS,Australia
chic,ha,2008,338223,FAOSTAT,0,AUS,Australia
chic,ha,2009,428982,FAOSTAT,0,AUS,Australia
chic,ha,2010,653142,FAOSTAT,0,AUS,Australia
chic,ha,2011,456070,FAOSTAT,0,AUS,Australia
chic,ha,2012,573600,FAOSTAT,0,AUS,Australia
chic,ha,2013,507800,FAOSTAT,0,AUS,Australia
chic,ha,2014,507800,FAOSTAT,0,AUS,Australia
chic,ha,2015,468000,FAOSTAT,0,AUS,Australia
chic,ha,2016,1095599,FAOSTAT,0,AUS,Australia
chic,ha,2017,1069000,FAOSTAT,0,AUS,Australia
chic,ha,2018,1075136,FAOSTAT,0,AUS,Australia
chic,ha,2019,293947,FAOSTAT,0,AUS,Australia
chic,ha,2020,263000,FAOSTAT,0,AUS,Australia
cott,ha,1961,15000,FAOSTAT,0,AUS,Australia
cott,ha,1962,11700,FAOSTAT,0,AUS,Australia
cott,ha,1963,15300,FAOSTAT,0,AUS,Australia
cott,ha,1964,15600,FAOSTAT,0,AUS,Australia
cott,ha,1965,15300,FAOSTAT,0,AUS,Australia
cott,ha,1966,22200,FAOSTAT,0,AUS,Australia
cott,ha,1967,21500,FAOSTAT,0,AUS,Australia
cott,ha,1968,31100,FAOSTAT,0,AUS,Australia
cott,ha,1969,32500,FAOSTAT,0,AUS,Australia
cott,ha,1970,31700,FAOSTAT,0,AUS,Australia
cott,ha,1971,35100,FAOSTAT,0,AUS,Australia
cott,ha,1972,40100,FAOSTAT,0,AUS,Australia
cott,ha,1973,43600,FAOSTAT,0,AUS,Australia
cott,ha,1974,41700,FAOSTAT,0,AUS,Australia
cott,ha,1975,38500,FAOSTAT,0,AUS,Australia
cott,ha,1976,29800,FAOSTAT,0,AUS,Australia
cott,ha,1977,35300,FAOSTAT,0,AUS,Australia
cott,ha,1978,41600,FAOSTAT,0,AUS,Australia
cott,ha,1979,49800,FAOSTAT,0,AUS,Australia
cott,ha,1980,75000,FAOSTAT,0,AUS,Australia
cott,ha,1981,83600,FAOSTAT,0,AUS,Australia
cott,ha,1982,103500,FAOSTAT,0,AUS,Australia
cott,ha,1983,96500,FAOSTAT,0,AUS,Australia
cott,ha,1984,137400,FAOSTAT,0,AUS,Australia
cott,ha,1985,183100,FAOSTAT,0,AUS,Australia
cott,ha,1986,177000,FAOSTAT,0,AUS,Australia
cott,ha,1987,156000,FAOSTAT,0,AUS,Australia
cott,ha,1988,244600,FAOSTAT,0,AUS,Australia
cott,ha,1989,194100,FAOSTAT,0,AUS,Australia
cott,ha,1990,239800,FAOSTAT,0,AUS,Australia
cott,ha,1991,279000,FAOSTAT,0,AUS,Australia
cott,ha,1992,312000,FAOSTAT,0,AUS,Australia
cott,ha,1993,286000,FAOSTAT,0,AUS,Australia
cott,ha,1994,294000,FAOSTAT,0,AUS,Australia
cott,ha,1995,246000,FAOSTAT,0,AUS,Australia
cott,ha,1996,303900,FAOSTAT,0,AUS,Australia
cott,ha,1997,396100,FAOSTAT,0,AUS,Australia
cott,ha,1998,438200,FAOSTAT,0,AUS,Australia
cott,ha,1999,565100,FAOSTAT,0,AUS,Australia
cott,ha,2000,464300,FAOSTAT,0,AUS,Australia
cott,ha,2001,527300,FAOSTAT,0,AUS,Australia
cott,ha,2002,409000,FAOSTAT,0,AUS,Australia
cott,ha,2003,224500,FAOSTAT,0,AUS,Australia
cott,ha,2004,198100,FAOSTAT,0,AUS,Australia
cott,ha,2005,320900,FAOSTAT,0,AUS,Australia
cott,ha,2006,335500,FAOSTAT,0,AUS,Australia
cott,ha,2007,143600,FAOSTAT,0,AUS,Australia
cott,ha,2008,62700,FAOSTAT,0,AUS,Australia
cott,ha,2009,164000,FAOSTAT,0,AUS,Australia
cott,ha,2010,208300,FAOSTAT,0,AUS,Australia
cott,ha,2011,588294,FAOSTAT,0,AUS,Australia
cott,ha,2012,596497,FAOSTAT,0,AUS,Australia
cott,ha,2013,444000,FAOSTAT,0,AUS,Australia
cott,ha,2014,390031,FAOSTAT,0,AUS,Australia
cott,ha,2015,197000,FAOSTAT,0,AUS,Australia
cott,ha,2016,280422,FAOSTAT,0,AUS,Australia
cott,ha,2017,518589,FAOSTAT,0,AUS,Australia
cott,ha,2018,485101,FAOSTAT,0,AUS,Australia
cott,ha,2019,303484,FAOSTAT,0,AUS,Australia
cott,ha,2020,69886,FAOSTAT,0,AUS,Australia
cowp,ha,1984,7782,FAOSTAT,0,AUS,Australia
cowp,ha,1985,6394,FAOSTAT,0,AUS,Australia
cowp,ha,1986,8400,FAOSTAT,0,AUS,Australia
cowp,ha,1987,14400,FAOSTAT,0,AUS,Australia
cowp,ha,1988,13700,FAOSTAT,0,AUS,Australia
cowp,ha,1989,7000,FAOSTAT,0,AUS,Australia
cowp,ha,1990,3886,FAOSTAT,0,AUS,Australia
cowp,ha,1991,4578,FAOSTAT,0,AUS,Australia
cowp,ha,1992,9321,FAOSTAT,0,AUS,Australia
cowp,ha,1993,6304,FAOSTAT,0,AUS,Australia
grou,ha,1961,17313,FAOSTAT,0,AUS,Australia
grou,ha,1962,13764,FAOSTAT,0,AUS,Australia
grou,ha,1963,14547,FAOSTAT,0,AUS,Australia
grou,ha,1964,18194,FAOSTAT,0,AUS,Australia
grou,ha,1965,18597,FAOSTAT,0,AUS,Australia
grou,ha,1966,23353,FAOSTAT,0,AUS,Australia
grou,ha,1967,28147,FAOSTAT,0,AUS,Australia
grou,ha,1968,25090,FAOSTAT,0,AUS,Australia
grou,ha,1969,31823,FAOSTAT,0,AUS,Australia
grou,ha,1970,33598,FAOSTAT,0,AUS,Australia
grou,ha,1971,38584,FAOSTAT,0,AUS,Australia
grou,ha,1972,33752,FAOSTAT,0,AUS,Australia
grou,ha,1973,29136,FAOSTAT,0,AUS,Australia
grou,ha,1974,25932,FAOSTAT,0,AUS,Australia
grou,ha,1975,24131,FAOSTAT,0,AUS,Australia
grou,ha,1976,27300,FAOSTAT,0,AUS,Australia
grou,ha,1977,31011,FAOSTAT,0,AUS,Australia
grou,ha,1978,30263,FAOSTAT,0,AUS,Australia
grou,ha,1979,36912,FAOSTAT,0,AUS,Australia
grou,ha,1980,31659,FAOSTAT,0,AUS,Australia
grou,ha,1981,27105,FAOSTAT,0,AUS,Australia
grou,ha,1982,33371,FAOSTAT,0,AUS,Australia
grou,ha,1983,35878,FAOSTAT,0,AUS,Australia
grou,ha,1984,32228,FAOSTAT,0,AUS,Australia
grou,ha,1985,29966,FAOSTAT,0,AUS,Australia
grou,ha,1986,29210,FAOSTAT,0,AUS,Australia
grou,ha,1987,34313,FAOSTAT,0,AUS,Australia
grou,ha,1988,32023,FAOSTAT,0,AUS,Australia
grou,ha,1989,22423,FAOSTAT,0,AUS,Australia
grou,ha,1990,18350,FAOSTAT,0,AUS,Australia
grou,ha,1991,18235,FAOSTAT,0,AUS,Australia
grou,ha,1992,23000,FAOSTAT,0,AUS,Australia
grou,ha,1993,21826,FAOSTAT,0,AUS,Australia
grou,ha,1994,13113,FAOSTAT,0,AUS,Australia
grou,ha,1995,20578,FAOSTAT,0,AUS,Australia
grou,ha,1996,22100,FAOSTAT,0,AUS,Australia
grou,ha,1997,22400,FAOSTAT,0,AUS,Australia
grou,ha,1998,21000,FAOSTAT,0,AUS,Australia
grou,ha,1999,20200,FAOSTAT,0,AUS,Australia
grou,ha,2000,17400,FAOSTAT,0,AUS,Australia
grou,ha,2001,17390,FAOSTAT,0,AUS,Australia
grou,ha,2002,14705,FAOSTAT,0,AUS,Australia
grou,ha,2003,10254,FAOSTAT,0,AUS,Australia
grou,ha,2004,13801,FAOSTAT,0,AUS,Australia
grou,ha,2005,14005,FAOSTAT,0,AUS,Australia
grou,ha,2006,11896,FAOSTAT,0,AUS,Australia
grou,ha,2007,12197,FAOSTAT,0,AUS,Australia
grou,ha,2008,11000,FAOSTAT,0,AUS,Australia
grou,ha,2009,9954,FAOSTAT,0,AUS,Australia
grou,ha,2010,11800,FAOSTAT,0,AUS,Australia
grou,ha,2011,7282,FAOSTAT,0,AUS,Australia
grou,ha,2012,7354,FAOSTAT,0,AUS,Australia
grou,ha,2013,7602,FAOSTAT,0,AUS,Australia
grou,ha,2014,5836,FAOSTAT,0,AUS,Australia
grou,ha,2015,4823,FAOSTAT,0,AUS,Australia
grou,ha,2016,4837,FAOSTAT,0,AUS,Australia
grou,ha,2017,5495,FAOSTAT,0,AUS,Australia
grou,ha,2018,4428,FAOSTAT,0,AUS,Australia
grou,ha,2019,4405,FAOSTAT,0,AUS,Australia
grou,ha,2020,4519,FAOSTAT,0,AUS,Australia
lent,ha,1988,2000,FAOSTAT,0,AUS,Australia
lent,ha,1989,3000,FAOSTAT,0,AUS,Australia
lent,ha,1990,4000,FAOSTAT,0,AUS,Australia
lent,ha,1991,3000,FAOSTAT,0,AUS,Australia
lent,ha,1992,4000,FAOSTAT,0,AUS,Australia
lent,ha,1993,5000,FAOSTAT,0,AUS,Australia
lent,ha,1994,6000,FAOSTAT,0,AUS,Australia
lent,ha,1995,8000,FAOSTAT,0,AUS,Australia
lent,ha,1996,18000,FAOSTAT,0,AUS,Australia
lent,ha,1997,57000,FAOSTAT,0,AUS,Australia
lent,ha,1998,66000,FAOSTAT,0,AUS,Australia
lent,ha,1999,75000,FAOSTAT,0,AUS,Australia
lent,ha,2000,117000,FAOSTAT,0,AUS,Australia
lent,ha,2001,158000,FAOSTAT,0,AUS,Australia
lent,ha,2002,165000,FAOSTAT,0,AUS,Australia
lent,ha,2003,83063,FAOSTAT,0,AUS,Australia
lent,ha,2004,127612,FAOSTAT,0,AUS,Australia
lent,ha,2005,178170,FAOSTAT,0,AUS,Australia
lent,ha,2006,207474,FAOSTAT,0,AUS,Australia
lent,ha,2007,130000,FAOSTAT,0,AUS,Australia
lent,ha,2008,116997,FAOSTAT,0,AUS,Australia
lent,ha,2009,104000,FAOSTAT,0,AUS,Australia
lent,ha,2010,218763,FAOSTAT,0,AUS,Australia
lent,ha,2011,172840,FAOSTAT,0,AUS,Australia
lent,ha,2012,165400,FAOSTAT,0,AUS,Australia
lent,ha,2013,169700,FAOSTAT,0,AUS,Australia
lent,ha,2014,209000,FAOSTAT,0,AUS,Australia
lent,ha,2015,185000,FAOSTAT,0,AUS,Australia
lent,ha,2016,233924,FAOSTAT,0,AUS,Australia
lent,ha,2017,693393,FAOSTAT,0,AUS,Australia
lent,ha,2018,418495,FAOSTAT,0,AUS,Australia
lent,ha,2019,400100,FAOSTAT,0,AUS,Australia
lent,ha,2020,412381,FAOSTAT,0,AUS,Australia
maiz,ha,1961,74780,FAOSTAT,0,AUS,Australia
maiz,ha,1962,85201,FAOSTAT,0,AUS,Australia
maiz,ha,1963,84776,FAOSTAT,0,AUS,Australia
maiz,ha,1964,86909,FAOSTAT,0,AUS,Australia
maiz,ha,1965,85923,FAOSTAT,0,AUS,Australia
maiz,ha,1966,79600,FAOSTAT,0,AUS,Australia
maiz,ha,1967,81500,FAOSTAT,0,AUS,Australia
maiz,ha,1968,81100,FAOSTAT,0,AUS,Australia
maiz,ha,1969,66516,FAOSTAT,0,AUS,Australia
maiz,ha,1970,79605,FAOSTAT,0,AUS,Australia
maiz,ha,1971,85635,FAOSTAT,0,AUS,Australia
maiz,ha,1972,78193,FAOSTAT,0,AUS,Australia
maiz,ha,1973,59259,FAOSTAT,0,AUS,Australia
maiz,ha,1974,45606,FAOSTAT,0,AUS,Australia
maiz,ha,1975,51395,FAOSTAT,0,AUS,Australia
maiz,ha,1976,46763,FAOSTAT,0,AUS,Australia
maiz,ha,1977,53022,FAOSTAT,0,AUS,Australia
maiz,ha,1978,45361,FAOSTAT,0,AUS,Australia
maiz,ha,1979,50000,FAOSTAT,0,AUS,Australia
maiz,ha,1980,54063,FAOSTAT,0,AUS,Australia
maiz,ha,1981,56500,FAOSTAT,0,AUS,Australia
maiz,ha,1982,61000,FAOSTAT,0,AUS,Australia
maiz,ha,1983,64253,FAOSTAT,0,AUS,Australia
maiz,ha,1984,68422,FAOSTAT,0,AUS,Australia
maiz,ha,1985,102872,FAOSTAT,0,AUS,Australia
maiz,ha,1986,84214,FAOSTAT,0,AUS,Australia
maiz,ha,1987,57662,FAOSTAT,0,AUS,Australia
maiz,ha,1988,55554,FAOSTAT,0,AUS,Australia
maiz,ha,1989,51704,FAOSTAT,0,AUS,Australia
maiz,ha,1990,52301,FAOSTAT,0,AUS,Australia
maiz,ha,1991,48500,FAOSTAT,0,AUS,Australia
maiz,ha,1992,52000,FAOSTAT,0,AUS,Australia
maiz,ha,1993,44908,FAOSTAT,0,AUS,Australia
maiz,ha,1994,43778,FAOSTAT,0,AUS,Australia
maiz,ha,1995,50219,FAOSTAT,0,AUS,Australia
maiz,ha,1996,56337,FAOSTAT,0,AUS,Australia
maiz,ha,1997,67000,FAOSTAT,0,AUS,Australia
maiz,ha,1998,57000,FAOSTAT,0,AUS,Australia
maiz,ha,1999,66000,FAOSTAT,0,AUS,Australia
maiz,ha,2000,82262,FAOSTAT,0,AUS,Australia
maiz,ha,2001,74225,FAOSTAT,0,AUS,Australia
maiz,ha,2002,82626,FAOSTAT,0,AUS,Australia
maiz,ha,2003,49552,FAOSTAT,0,AUS,Australia
maiz,ha,2004,70126,FAOSTAT,0,AUS,Australia
maiz,ha,2005,72378,FAOSTAT,0,AUS,Australia
maiz,ha,2006,67215,FAOSTAT,0,AUS,Australia
maiz,ha,2007,48852,FAOSTAT,0,AUS,Australia
maiz,ha,2008,68000,FAOSTAT,0,AUS,Australia
maiz,ha,2009,64580,FAOSTAT,0,AUS,Australia
maiz,ha,2010,59000,FAOSTAT,0,AUS,Australia
maiz,ha,2011,62196,FAOSTAT,0,AUS,Australia
maiz,ha,2012,69684,FAOSTAT,0,AUS,Australia
maiz,ha,2013,78634,FAOSTAT,0,AUS,Australia
maiz,ha,2014,52360,FAOSTAT,0,AUS,Australia
maiz,ha,2015,59588,FAOSTAT,0,AUS,Australia
maiz,ha,2016,53281,FAOSTAT,0,AUS,Australia
maiz,ha,2017,67771,FAOSTAT,0,AUS,Australia
maiz,ha,2018,52783,FAOSTAT,0,AUS,Australia
maiz,ha,2019,58949,FAOSTAT,0,AUS,Australia
maiz,ha,2020,37730,FAOSTAT,0,AUS,Australia
mill,ha,1961,21632,FAOSTAT,0,AUS,Australia
mill,ha,1962,33585,FAOSTAT,0,AUS,Australia
mill,ha,1963,32897,FAOSTAT,0,AUS,Australia
mill,ha,1964,27358,FAOSTAT,0,AUS,Australia
mill,ha,1965,21765,FAOSTAT,0,AUS,Australia
mill,ha,1966,25199,FAOSTAT,0,AUS,Australia
mill,ha,1967,25949,FAOSTAT,0,AUS,Australia
mill,ha,1968,20805,FAOSTAT,0,AUS,Australia
mill,ha,1969,28409,FAOSTAT,0,AUS,Australia
mill,ha,1970,38408,FAOSTAT,0,AUS,Australia
mill,ha,1971,49158,FAOSTAT,0,AUS,Australia
mill,ha,1972,23952,FAOSTAT,0,AUS,Australia
mill,ha,1973,27159,FAOSTAT,0,AUS,Australia
mill,ha,1974,39642,FAOSTAT,0,AUS,Australia
mill,ha,1975,22105,FAOSTAT,0,AUS,Australia
mill,ha,1976,28336,FAOSTAT,0,AUS,Australia
mill,ha,1977,23855,FAOSTAT,0,AUS,Australia
mill,ha,1978,50338,FAOSTAT,0,AUS,Australia
mill,ha,1979,32426,FAOSTAT,0,AUS,Australia
mill,ha,1980,18620,FAOSTAT,0,AUS,Australia
mill,ha,1981,27096,FAOSTAT,0,AUS,Australia
mill,ha,1982,34901,FAOSTAT,0,AUS,Australia
mill,ha,1983,36062,FAOSTAT,0,AUS,Australia
mill,ha,1984,37448,FAOSTAT,0,AUS,Australia
mill,ha,1985,29561,FAOSTAT,0,AUS,Australia
mill,ha,1986,31000,FAOSTAT,0,AUS,Australia
mill,ha,1987,41907,FAOSTAT,0,AUS,Australia
mill,ha,1988,38872,FAOSTAT,0,AUS,Australia
mill,ha,1989,25805,FAOSTAT,0,AUS,Australia
mill,ha,1990,34420,FAOSTAT,0,AUS,Australia
mill,ha,1991,32249,FAOSTAT,0,AUS,Australia
mill,ha,1992,34297,FAOSTAT,0,AUS,Australia
mill,ha,1993,21806,FAOSTAT,0,AUS,Australia
mill,ha,1994,37359,FAOSTAT,0,AUS,Australia
mill,ha,1995,43667,FAOSTAT,0,AUS,Australia
mill,ha,1996,22981,FAOSTAT,0,AUS,Australia
mill,ha,1997,25000,FAOSTAT,0,AUS,Australia
mill,ha,1998,32000,FAOSTAT,0,AUS,Australia
mill,ha,1999,35000,FAOSTAT,0,AUS,Australia
mill,ha,2000,38961,FAOSTAT,0,AUS,Australia
mill,ha,2001,30338,FAOSTAT,0,AUS,Australia
mill,ha,2002,38550,FAOSTAT,0,AUS,Australia
mill,ha,2003,38072,FAOSTAT,0,AUS,Australia
mill,ha,2004,33916,FAOSTAT,0,AUS,Australia
mill,ha,2005,24523,FAOSTAT,0,AUS,Australia
mill,ha,2006,35000,FAOSTAT,0,AUS,Australia
mill,ha,2007,36000,FAOSTAT,0,AUS,Australia
mill,ha,2008,37000,FAOSTAT,0,AUS,Australia
mill,ha,2009,40000,FAOSTAT,0,AUS,Australia
mill,ha,2010,35602,FAOSTAT,0,AUS,Australia
mill,ha,2011,35271,FAOSTAT,0,AUS,Australia
mill,ha,2012,35210,FAOSTAT,0,AUS,Australia
mill,ha,2013,35318,FAOSTAT,0,AUS,Australia
mill,ha,2014,35817,FAOSTAT,0,AUS,Australia
mill,ha,2015,35691,FAOSTAT,0,AUS,Australia
mill,ha,2016,35589,FAOSTAT,0,AUS,Australia
mill,ha,2017,35857,FAOSTAT,0,AUS,Australia
mill,ha,2018,35584,FAOSTAT,0,AUS,Australia
mill,ha,2019,35683,FAOSTAT,0,AUS,Australia
mill,ha,2020,35782,FAOSTAT,0,AUS,Australia
ocer,ha,1961,1299351,FAOSTAT,0,AUS,Australia
ocer,ha,1962,1383590,FAOSTAT,0,AUS,Australia
ocer,ha,1963,1411476,FAOSTAT,0,AUS,Australia
ocer,ha,1964,1448932,FAOSTAT,0,AUS,Australia
ocer,ha,1965,1556402,FAOSTAT,0,AUS,Australia
ocer,ha,1966,1760547,FAOSTAT,0,AUS,Australia
ocer,ha,1967,1405215,FAOSTAT,0,AUS,Australia
ocer,ha,1968,1615633,FAOSTAT,0,AUS,Australia
ocer,ha,1969,1436258,FAOSTAT,0,AUS,Australia
ocer,ha,1970,1602745,FAOSTAT,0,AUS,Australia
ocer,ha,1971,1288304,FAOSTAT,0,AUS,Australia
ocer,ha,1972,1030099,FAOSTAT,0,AUS,Australia
ocer,ha,1973,1220196,FAOSTAT,0,AUS,Australia
ocer,ha,1974,919482,FAOSTAT,0,AUS,Australia
ocer,ha,1975,1020632,FAOSTAT,0,AUS,Australia
ocer,ha,1976,1036818,FAOSTAT,0,AUS,Australia
ocer,ha,1977,1140647,FAOSTAT,0,AUS,Australia
ocer,ha,1978,1427375,FAOSTAT,0,AUS,Australia
ocer,ha,1979,1161355,FAOSTAT,0,AUS,Australia
ocer,ha,1980,1145482,FAOSTAT,0,AUS,Australia
ocer,ha,1981,1495070,FAOSTAT,0,AUS,Australia
ocer,ha,1982,1357606,FAOSTAT,0,AUS,Australia
ocer,ha,1983,1950029,FAOSTAT,0,AUS,Australia
ocer,ha,1984,1221275,FAOSTAT,0,AUS,Australia
ocer,ha,1985,1267926,FAOSTAT,0,AUS,Australia
ocer,ha,1986,1406818,FAOSTAT,0,AUS,Australia
ocer,ha,1987,1493074,FAOSTAT,0,AUS,Australia
ocer,ha,1988,1473274,FAOSTAT,0,AUS,Australia
ocer,ha,1989,1234232,FAOSTAT,0,AUS,Australia
ocer,ha,1990,1188907,FAOSTAT,0,AUS,Australia
ocer,ha,1991,1312232,FAOSTAT,0,AUS,Australia
ocer,ha,1992,1315725,FAOSTAT,0,AUS,Australia
ocer,ha,1993,1115582,FAOSTAT,0,AUS,Australia
ocer,ha,1994,1092000,FAOSTAT,0,AUS,Australia
ocer,ha,1995,1398097,FAOSTAT,0,AUS,Australia
ocer,ha,1996,1437441,FAOSTAT,0,AUS,Australia
ocer,ha,1997,1224306,FAOSTAT,0,AUS,Australia
ocer,ha,1998,1337500,FAOSTAT,0,AUS,Australia
ocer,ha,1999,988000,FAOSTAT,0,AUS,Australia
ocer,ha,2000,1082500,FAOSTAT,0,AUS,Australia
ocer,ha,2001,1082788,FAOSTAT,0,AUS,Australia
ocer,ha,2002,1236294,FAOSTAT,0,AUS,Australia
ocer,ha,2003,1362413,FAOSTAT,0,AUS,Australia
ocer,ha,2004,1578151,FAOSTAT,0,AUS,Australia
ocer,ha,2005,1326338,FAOSTAT,0,AUS,Australia
ocer,ha,2006,1362117,FAOSTAT,0,AUS,Australia
ocer,ha,2007,1413197,FAOSTAT,0,AUS,Australia
ocer,ha,2008,1630084,FAOSTAT,0,AUS,Australia
ocer,ha,2009,1250150,FAOSTAT,0,AUS,Australia
ocer,ha,2010,1227188,FAOSTAT,0,AUS,Australia
ocer,ha,2011,1068246,FAOSTAT,0,AUS,Australia
ocer,ha,2012,943694,FAOSTAT,0,AUS,Australia
ocer,ha,2013,882610,FAOSTAT,0,AUS,Australia
ocer,ha,2014,847086,FAOSTAT,0,AUS,Australia
ocer,ha,2015,988256,FAOSTAT,0,AUS,Australia
ocer,ha,2016,950837,FAOSTAT,0,AUS,Australia
ocer,ha,2017,1136943,FAOSTAT,0,AUS,Australia
ocer,ha,2018,977865,FAOSTAT,0,AUS,Australia
ocer,ha,2019,1036653,FAOSTAT,0,AUS,Australia
ocer,ha,2020,937873,FAOSTAT,0,AUS,Australia
ofib,ha,1961,1382,FAOSTAT,0,AUS,Australia
ofib,ha,1962,1736,FAOSTAT,0,AUS,Australia
ofib,ha,1963,1283,FAOSTAT,0,AUS,Australia
ofib,ha,1964,1104,FAOSTAT,0,AUS,Australia
ofib,ha,1965,809,FAOSTAT,0,AUS,Australia
ofib,ha,1966,809,FAOSTAT,0,AUS,Australia
ofib,ha,1967,809,FAOSTAT,0,AUS,Australia
ofib,ha,1968,1214,FAOSTAT,0,AUS,Australia
ofib,ha,1969,809,FAOSTAT,0,AUS,Australia
ofib,ha,1970,800,FAOSTAT,0,AUS,Australia
ofib,ha,1971,405,FAOSTAT,0,AUS,Australia
ooil,ha,1961,29855,FAOSTAT,0,AUS,Australia
ooil,ha,1962,42603,FAOSTAT,0,AUS,Australia
ooil,ha,1963,56438,FAOSTAT,0,AUS,Australia
ooil,ha,1964,74480,FAOSTAT,0,AUS,Australia
ooil,ha,1965,35452,FAOSTAT,0,AUS,Australia
ooil,ha,1966,53398,FAOSTAT,0,AUS,Australia
ooil,ha,1967,65245,FAOSTAT,0,AUS,Australia
ooil,ha,1968,48629,FAOSTAT,0,AUS,Australia
ooil,ha,1969,61299,FAOSTAT,0,AUS,Australia
ooil,ha,1970,70612,FAOSTAT,0,AUS,Australia
ooil,ha,1971,54939,FAOSTAT,0,AUS,Australia
ooil,ha,1972,28224,FAOSTAT,0,AUS,Australia
ooil,ha,1973,31526,FAOSTAT,0,AUS,Australia
ooil,ha,1974,73100,FAOSTAT,0,AUS,Australia
ooil,ha,1975,56618,FAOSTAT,0,AUS,Australia
ooil,ha,1976,29499,FAOSTAT,0,AUS,Australia
ooil,ha,1977,84308,FAOSTAT,0,AUS,Australia
ooil,ha,1978,89053,FAOSTAT,0,AUS,Australia
ooil,ha,1979,72190,FAOSTAT,0,AUS,Australia
ooil,ha,1980,29289,FAOSTAT,0,AUS,Australia
ooil,ha,1981,41477,FAOSTAT,0,AUS,Australia
ooil,ha,1982,17964,FAOSTAT,0,AUS,Australia
ooil,ha,1983,61156,FAOSTAT,0,AUS,Australia
ooil,ha,1984,50715,FAOSTAT,0,AUS,Australia
ooil,ha,1985,57950,FAOSTAT,0,AUS,Australia
ooil,ha,1986,37884,FAOSTAT,0,AUS,Australia
ooil,ha,1987,46961,FAOSTAT,0,AUS,Australia
ooil,ha,1988,50648,FAOSTAT,0,AUS,Australia
ooil,ha,1989,36697,FAOSTAT,0,AUS,Australia
ooil,ha,1990,20654,FAOSTAT,0,AUS,Australia
ooil,ha,1991,43632,FAOSTAT,0,AUS,Australia
ooil,ha,1992,39133,FAOSTAT,0,AUS,Australia
ooil,ha,1993,58288,FAOSTAT,0,AUS,Australia
ooil,ha,1994,38995,FAOSTAT,0,AUS,Australia
ooil,ha,1995,48878,FAOSTAT,0,AUS,Australia
ooil,ha,1996,49250,FAOSTAT,0,AUS,Australia
ooil,ha,1997,23750,FAOSTAT,0,AUS,Australia
ooil,ha,1998,43780,FAOSTAT,0,AUS,Australia
ooil,ha,1999,55510,FAOSTAT,0,AUS,Australia
ooil,ha,2000,24963,FAOSTAT,0,AUS,Australia
ooil,ha,2001,25658,FAOSTAT,0,AUS,Australia
ooil,ha,2002,13580,FAOSTAT,0,AUS,Australia
ooil,ha,2003,11789,FAOSTAT,0,AUS,Australia
ooil,ha,2004,20993,FAOSTAT,0,AUS,Australia
ooil,ha,2005,33224,FAOSTAT,0,AUS,Australia
ooil,ha,2006,48175,FAOSTAT,0,AUS,Australia
ooil,ha,2007,41115,FAOSTAT,0,AUS,Australia
ooil,ha,2008,46800,FAOSTAT,0,AUS,Australia
ooil,ha,2009,50132,FAOSTAT,0,AUS,Australia
ooil,ha,2010,56800,FAOSTAT,0,AUS,Australia
ooil,ha,2011,60414,FAOSTAT,0,AUS,Australia
ooil,ha,2012,61728,FAOSTAT,0,AUS,Australia
ooil,ha,2013,56949,FAOSTAT,0,AUS,Australia
ooil,ha,2014,41030,FAOSTAT,0,AUS,Australia
ooil,ha,2015,48657,FAOSTAT,0,AUS,Australia
ooil,ha,2016,50080,FAOSTAT,0,AUS,Australia
ooil,ha,2017,65251,FAOSTAT,0,AUS,Australia
ooil,ha,2018,51366,FAOSTAT,0,AUS,Australia
ooil,ha,2019,49621,FAOSTAT,0,AUS,Australia
ooil,ha,2020,33246,FAOSTAT,0,AUS,Australia
opul,ha,1961,25368,FAOSTAT,0,AUS,Australia
opul,ha,1962,24689,FAOSTAT,0,AUS,Australia
opul,ha,1963,22144,FAOSTAT,0,AUS,Australia
opul,ha,1964,20481,FAOSTAT,0,AUS,Australia
opul,ha,1965,22898,FAOSTAT,0,AUS,Australia
opul,ha,1966,24684,FAOSTAT,0,AUS,Australia
opul,ha,1967,22536,FAOSTAT,0,AUS,Australia
opul,ha,1968,28195,FAOSTAT,0,AUS,Australia
opul,ha,1969,37302,FAOSTAT,0,AUS,Australia
opul,ha,1970,46182,FAOSTAT,0,AUS,Australia
opul,ha,1971,72809,FAOSTAT,0,AUS,Australia
opul,ha,1972,69045,FAOSTAT,0,AUS,Australia
opul,ha,1973,86191,FAOSTAT,0,AUS,Australia
opul,ha,1974,144122,FAOSTAT,0,AUS,Australia
opul,ha,1975,164420,FAOSTAT,0,AUS,Australia
opul,ha,1976,146641,FAOSTAT,0,AUS,Australia
opul,ha,1977,117620,FAOSTAT,0,AUS,Australia
opul,ha,1978,115001,FAOSTAT,0,AUS,Australia
opul,ha,1979,163368,FAOSTAT,0,AUS,Australia
opul,ha,1980,185838,FAOSTAT,0,AUS,Australia
opul,ha,1981,261657,FAOSTAT,0,AUS,Australia
opul,ha,1982,302679,FAOSTAT,0,AUS,Australia
opul,ha,1983,494085,FAOSTAT,0,AUS,Australia
opul,ha,1984,767370,FAOSTAT,0,AUS,Australia
opul,ha,1985,815730,FAOSTAT,0,AUS,Australia
opul,ha,1986,1105456,FAOSTAT,0,AUS,Australia
opul,ha,1987,1511149,FAOSTAT,0,AUS,Australia
opul,ha,1988,1362964,FAOSTAT,0,AUS,Australia
opul,ha,1989,1195475,FAOSTAT,0,AUS,Australia
opul,ha,1990,1177972,FAOSTAT,0,AUS,Australia
opul,ha,1991,1459370,FAOSTAT,0,AUS,Australia
opul,ha,1992,1573752,FAOSTAT,0,AUS,Australia
opul,ha,1993,1673232,FAOSTAT,0,AUS,Australia
opul,ha,1994,1976580,FAOSTAT,0,AUS,Australia
opul,ha,1995,1819017,FAOSTAT,0,AUS,Australia
opul,ha,1996,1733000,FAOSTAT,0,AUS,Australia
opul,ha,1997,1985800,FAOSTAT,0,AUS,Australia
opul,ha,1998,1951300,FAOSTAT,0,AUS,Australia
opul,ha,1999,1876800,FAOSTAT,0,AUS,Australia
opul,ha,2000,1794000,FAOSTAT,0,AUS,Australia
opul,ha,2001,1681989,FAOSTAT,0,AUS,Australia
opul,ha,2002,1601275,FAOSTAT,0,AUS,Australia
opul,ha,2003,1424885,FAOSTAT,0,AUS,Australia
opul,ha,2004,1475110,FAOSTAT,0,AUS,Australia
opul,ha,2005,1337984,FAOSTAT,0,AUS,Australia
opul,ha,2006,1346666,FAOSTAT,0,AUS,Australia
opul,ha,2007,1232020,FAOSTAT,0,AUS,Australia
opul,ha,2008,1029054,FAOSTAT,0,AUS,Australia
opul,ha,2009,1129035,FAOSTAT,0,AUS,Australia
opul,ha,2010,1268368,FAOSTAT,0,AUS,Australia
opul,ha,2011,1134634,FAOSTAT,0,AUS,Australia
opul,ha,2012,973174,FAOSTAT,0,AUS,Australia
opul,ha,2013,819641,FAOSTAT,0,AUS,Australia
opul,ha,2014,819914,FAOSTAT,0,AUS,Australia
opul,ha,2015,881907,FAOSTAT,0,AUS,Australia
opul,ha,2016,1159162,FAOSTAT,0,AUS,Australia
opul,ha,2017,1014296,FAOSTAT,0,AUS,Australia
opul,ha,2018,1253629,FAOSTAT,0,AUS,Australia
opul,ha,2019,1161418,FAOSTAT,0,AUS,Australia
opul,ha,2020,983638,FAOSTAT,0,AUS,Australia
pota,ha,1961,37152,FAOSTAT,0,AUS,Australia
pota,ha,1962,38219,FAOSTAT,0,AUS,Australia
pota,ha,1963,46029,FAOSTAT,0,AUS,Australia
pota,ha,1964,41272,FAOSTAT,0,AUS,Australia
pota,ha,1965,35579,FAOSTAT,0,AUS,Australia
pota,ha,1966,38975,FAOSTAT,0,AUS,Australia
pota,ha,1967,40196,FAOSTAT,0,AUS,Australia
pota,ha,1968,42763,FAOSTAT,0,AUS,Australia
pota,ha,1969,45906,FAOSTAT,0,AUS,Australia
pota,ha,1970,43341,FAOSTAT,0,AUS,Australia
pota,ha,1971,38619,FAOSTAT,0,AUS,Australia
pota,ha,1972,40401,FAOSTAT,0,AUS,Australia
pota,ha,1973,36607,FAOSTAT,0,AUS,Australia
pota,ha,1974,34101,FAOSTAT,0,AUS,Australia
pota,ha,1975,37626,FAOSTAT,0,AUS,Australia
pota,ha,1976,33417,FAOSTAT,0,AUS,Australia
pota,ha,1977,33872,FAOSTAT,0,AUS,Australia
pota,ha,1978,36068,FAOSTAT,0,AUS,Australia
pota,ha,1979,34658,FAOSTAT,0,AUS,Australia
pota,ha,1980,36661,FAOSTAT,0,AUS,Australia
pota,ha,1981,35721,FAOSTAT,0,AUS,Australia
pota,ha,1982,36123,FAOSTAT,0,AUS,Australia
pota,ha,1983,37356,FAOSTAT,0,AUS,Australia
pota,ha,1984,37945,FAOSTAT,0,AUS,Australia
pota,ha,1985,38384,FAOSTAT,0,AUS,Australia
pota,ha,1986,35795,FAOSTAT,0,AUS,Australia
pota,ha,1987,36685,FAOSTAT,0,AUS,Australia
pota,ha,1988,39840,FAOSTAT,0,AUS,Australia
pota,ha,1989,37624,FAOSTAT,0,AUS,Australia
pota,ha,1990,40640,FAOSTAT,0,AUS,Australia
pota,ha,1991,39816,FAOSTAT,0,AUS,Australia
pota,ha,1992,39767,FAOSTAT,0,AUS,Australia
pota,ha,1993,38807,FAOSTAT,0,AUS,Australia
pota,ha,1994,40259,FAOSTAT,0,AUS,Australia
pota,ha,1995,37642,FAOSTAT,0,AUS,Australia
pota,ha,1996,41812,FAOSTAT,0,AUS,Australia
pota,ha,1997,41083,FAOSTAT,0,AUS,Australia
pota,ha,1998,42558,FAOSTAT,0,AUS,Australia
pota,ha,1999,41298,FAOSTAT,0,AUS,Australia
pota,ha,2000,42162,FAOSTAT,0,AUS,Australia
pota,ha,2001,39622,FAOSTAT,0,AUS,Australia
pota,ha,2002,37943,FAOSTAT,0,AUS,Australia
pota,ha,2003,35899,FAOSTAT,0,AUS,Australia
pota,ha,2004,36120,FAOSTAT,0,AUS,Australia
pota,ha,2005,37437,FAOSTAT,0,AUS,Australia
pota,ha,2006,35268,FAOSTAT,0,AUS,Australia
pota,ha,2007,34096,FAOSTAT,0,AUS,Australia
pota,ha,2008,36965,FAOSTAT,0,AUS,Australia
pota,ha,2009,32579,FAOSTAT,0,AUS,Australia
pota,ha,2010,36379,FAOSTAT,0,AUS,Australia
pota,ha,2011,32153,FAOSTAT,0,AUS,Australia
pota,ha,2012,33670,FAOSTAT,0,AUS,Australia
pota,ha,2013,33034,FAOSTAT,0,AUS,Australia
pota,ha,2014,29505,FAOSTAT,0,AUS,Australia
pota,ha,2015,29414,FAOSTAT,0,AUS,Australia
pota,ha,2016,27968,FAOSTAT,0,AUS,Australia
pota,ha,2017,28372,FAOSTAT,0,AUS,Australia
pota,ha,2018,29740,FAOSTAT,0,AUS,Australia
pota,ha,2019,32413,FAOSTAT,0,AUS,Australia
pota,ha,2020,27057,FAOSTAT,0,AUS,Australia
rape,ha,1961,809,FAOSTAT,0,AUS,Australia
rape,ha,1962,405,FAOSTAT,0,AUS,Australia
rape,ha,1963,809,FAOSTAT,0,AUS,Australia
rape,ha,1964,405,FAOSTAT,0,AUS,Australia
rape,ha,1965,405,FAOSTAT,0,AUS,Australia
rape,ha,1966,405,FAOSTAT,0,AUS,Australia
rape,ha,1967,405,FAOSTAT,0,AUS,Australia
rape,ha,1968,1821,FAOSTAT,0,AUS,Australia
rape,ha,1969,5261,FAOSTAT,0,AUS,Australia
rape,ha,1970,43302,FAOSTAT,0,AUS,Australia
rape,ha,1971,85794,FAOSTAT,0,AUS,Australia
rape,ha,1972,77547,FAOSTAT,0,AUS,Australia
rape,ha,1973,17253,FAOSTAT,0,AUS,Australia
rape,ha,1974,12167,FAOSTAT,0,AUS,Australia
rape,ha,1975,16133,FAOSTAT,0,AUS,Australia
rape,ha,1976,8435,FAOSTAT,0,AUS,Australia
rape,ha,1977,20839,FAOSTAT,0,AUS,Australia
rape,ha,1978,24000,FAOSTAT,0,AUS,Australia
rape,ha,1979,42885,FAOSTAT,0,AUS,Australia
rape,ha,1980,24138,FAOSTAT,0,AUS,Australia
rape,ha,1981,15996,FAOSTAT,0,AUS,Australia
rape,ha,1982,12690,FAOSTAT,0,AUS,Australia
rape,ha,1983,18165,FAOSTAT,0,AUS,Australia
rape,ha,1984,30381,FAOSTAT,0,AUS,Australia
rape,ha,1985,74556,FAOSTAT,0,AUS,Australia
rape,ha,1986,66298,FAOSTAT,0,AUS,Australia
rape,ha,1987,58779,FAOSTAT,0,AUS,Australia
rape,ha,1988,43235,FAOSTAT,0,AUS,Australia
rape,ha,1989,50466,FAOSTAT,0,AUS,Australia
rape,ha,1990,73269,FAOSTAT,0,AUS,Australia
rape,ha,1991,151395,FAOSTAT,0,AUS,Australia
rape,ha,1992,107433,FAOSTAT,0,AUS,Australia
rape,ha,1993,176848,FAOSTAT,0,AUS,Australia
rape,ha,1994,356234,FAOSTAT,0,AUS,Australia
rape,ha,1995,376558,FAOSTAT,0,AUS,Australia
rape,ha,1996,408000,FAOSTAT,0,AUS,Australia
rape,ha,1997,698000,FAOSTAT,0,AUS,Australia
rape,ha,1998,1247000,FAOSTAT,0,AUS,Australia
rape,ha,1999,1917000,FAOSTAT,0,AUS,Australia
rape,ha,2000,1459000,FAOSTAT,0,AUS,Australia
rape,ha,2001,1459113,FAOSTAT,0,AUS,Australia
rape,ha,2002,1331505,FAOSTAT,0,AUS,Australia
rape,ha,2003,1297554,FAOSTAT,0,AUS,Australia
rape,ha,2004,1211078,FAOSTAT,0,AUS,Australia
rape,ha,2005,1377061,FAOSTAT,0,AUS,Australia
rape,ha,2006,971704,FAOSTAT,0,AUS,Australia
rape,ha,2007,1051829,FAOSTAT,0,AUS,Australia
rape,ha,2008,1277099,FAOSTAT,0,AUS,Australia
rape,ha,2009,1692646,FAOSTAT,0,AUS,Australia
rape,ha,2010,1694955,FAOSTAT,0,AUS,Australia
rape,ha,2011,2077542,FAOSTAT,0,AUS,Australia
rape,ha,2012,2460972,FAOSTAT,0,AUS,Australia
rape,ha,2013,3271649,FAOSTAT,0,AUS,Australia
rape,ha,2014,2720835,FAOSTAT,0,AUS,Australia
rape,ha,2015,2896951,FAOSTAT,0,AUS,Australia
rape,ha,2016,2090892,FAOSTAT,0,AUS,Australia
rape,ha,2017,2681162,FAOSTAT,0,AUS,Australia
rape,ha,2018,3171117,FAOSTAT,0,AUS,Australia
rape,ha,2019,2119836,FAOSTAT,0,AUS,Australia
rape,ha,2020,2034057,FAOSTAT,0,AUS,Australia
rest,ha,1961,876,FAOSTAT,0,AUS,Australia
rest,ha,1962,923,FAOSTAT,0,AUS,Australia
rest,ha,1963,947,FAOSTAT,0,AUS,Australia
rest,ha,1964,993,FAOSTAT,0,AUS,Australia
rest,ha,1965,940,FAOSTAT,0,AUS,Australia
rest,ha,1966,938,FAOSTAT,0,AUS,Australia
rest,ha,1967,946,FAOSTAT,0,AUS,Australia
rest,ha,1968,909,FAOSTAT,0,AUS,Australia
rest,ha,1969,929,FAOSTAT,0,AUS,Australia
rest,ha,1970,1064,FAOSTAT,0,AUS,Australia
rest,ha,1971,959,FAOSTAT,0,AUS,Australia
rest,ha,1972,1148,FAOSTAT,0,AUS,Australia
rest,ha,1973,1219,FAOSTAT,0,AUS,Australia
rest,ha,1974,1361,FAOSTAT,0,AUS,Australia
rest,ha,1975,1390,FAOSTAT,0,AUS,Australia
rest,ha,1976,1485,FAOSTAT,0,AUS,Australia
rest,ha,1977,1511,FAOSTAT,0,AUS,Australia
rest,ha,1978,1996,FAOSTAT,0,AUS,Australia
rest,ha,1979,2103,FAOSTAT,0,AUS,Australia
rest,ha,1980,3500,FAOSTAT,0,AUS,Australia
rest,ha,1981,4115,FAOSTAT,0,AUS,Australia
rest,ha,1982,3780,FAOSTAT,0,AUS,Australia
rest,ha,1983,3969,FAOSTAT,0,AUS,Australia
rest,ha,1984,4672,FAOSTAT,0,AUS,Australia
rest,ha,1985,5264,FAOSTAT,0,AUS,Australia
rest,ha,1986,7600,FAOSTAT,0,AUS,Australia
rest,ha,1987,7860,FAOSTAT,0,AUS,Australia
rest,ha,1988,9099,FAOSTAT,0,AUS,Australia
rest,ha,1989,11838,FAOSTAT,0,AUS,Australia
rest,ha,1990,10186,FAOSTAT,0,AUS,Australia
rest,ha,1991,12942,FAOSTAT,0,AUS,Australia
rest,ha,1992,14321,FAOSTAT,0,AUS,Australia
rest,ha,1993,16880,FAOSTAT,0,AUS,Australia
rest,ha,1994,18210,FAOSTAT,0,AUS,Australia
rest,ha,1995,17531,FAOSTAT,0,AUS,Australia
rest,ha,1996,15882,FAOSTAT,0,AUS,Australia
rest,ha,1997,17166,FAOSTAT,0,AUS,Australia
rest,ha,1998,19450,FAOSTAT,0,AUS,Australia
rest,ha,1999,20344,FAOSTAT,0,AUS,Australia
rest,ha,2000,19639,FAOSTAT,0,AUS,Australia
rest,ha,2001,15878,FAOSTAT,0,AUS,Australia
rest,ha,2002,16736,FAOSTAT,0,AUS,Australia
rest,ha,2003,17676,FAOSTAT,0,AUS,Australia
rest,ha,2004,20008,FAOSTAT,0,AUS,Australia
rest,ha,2005,20856,FAOSTAT,0,AUS,Australia
rest,ha,2006,25282,FAOSTAT,0,AUS,Australia
rest,ha,2007,28430,FAOSTAT,0,AUS,Australia
rest,ha,2008,33833,FAOSTAT,0,AUS,Australia
rest,ha,2009,39619,FAOSTAT,0,AUS,Australia
rest,ha,2010,47775,FAOSTAT,0,AUS,Australia
rest,ha,2011,54224,FAOSTAT,0,AUS,Australia
rest,ha,2012,55035,FAOSTAT,0,AUS,Australia
rest,ha,2013,54913,FAOSTAT,0,AUS,Australia
rest,ha,2014,57015,FAOSTAT,0,AUS,Australia
rest,ha,2015,64352,FAOSTAT,0,AUS,Australia
rest,ha,2016,61606,FAOSTAT,0,AUS,Australia
rest,ha,2017,64083,FAOSTAT,0,AUS,Australia
rest,ha,2018,63784,FAOSTAT,0,AUS,Australia
rest,ha,2019,71923,FAOSTAT,0,AUS,Australia
rest,ha,2020,74285,FAOSTAT,0,AUS,Australia
rice,ha,1961,20000,FAOSTAT,0,AUS,Australia
rice,ha,1962,20309,FAOSTAT,0,AUS,Australia
rice,ha,1963,22229,FAOSTAT,0,AUS,Australia
rice,ha,1964,24038,FAOSTAT,0,AUS,Australia
rice,ha,1965,24935,FAOSTAT,0,AUS,Australia
rice,ha,1966,26061,FAOSTAT,0,AUS,Australia
rice,ha,1967,29835,FAOSTAT,0,AUS,Australia
rice,ha,1968,30738,FAOSTAT,0,AUS,Australia
rice,ha,1969,33696,FAOSTAT,0,AUS,Australia
rice,ha,1970,40145,FAOSTAT,0,AUS,Australia
rice,ha,1971,40721,FAOSTAT,0,AUS,Australia
rice,ha,1972,40469,FAOSTAT,0,AUS,Australia
rice,ha,1973,45100,FAOSTAT,0,AUS,Australia
rice,ha,1974,67502,FAOSTAT,0,AUS,Australia
rice,ha,1975,75562,FAOSTAT,0,AUS,Australia
rice,ha,1976,74840,FAOSTAT,0,AUS,Australia
rice,ha,1977,92038,FAOSTAT,0,AUS,Australia
rice,ha,1978,91434,FAOSTAT,0,AUS,Australia
rice,ha,1979,110230,FAOSTAT,0,AUS,Australia
rice,ha,1980,116356,FAOSTAT,0,AUS,Australia
rice,ha,1981,106000,FAOSTAT,0,AUS,Australia
rice,ha,1982,127000,FAOSTAT,0,AUS,Australia
rice,ha,1983,77000,FAOSTAT,0,AUS,Australia
rice,ha,1984,119038,FAOSTAT,0,AUS,Australia
rice,ha,1985,121800,FAOSTAT,0,AUS,Australia
rice,ha,1986,106100,FAOSTAT,0,AUS,Australia
rice,ha,1987,95900,FAOSTAT,0,AUS,Australia
rice,ha,1988,105400,FAOSTAT,0,AUS,Australia
rice,ha,1989,97000,FAOSTAT,0,AUS,Australia
rice,ha,1990,105000,FAOSTAT,0,AUS,Australia
rice,ha,1991,89000,FAOSTAT,0,AUS,Australia
rice,ha,1992,127000,FAOSTAT,0,AUS,Australia
rice,ha,1993,125000,FAOSTAT,0,AUS,Australia
rice,ha,1994,132700,FAOSTAT,0,AUS,Australia
rice,ha,1995,129200,FAOSTAT,0,AUS,Australia
rice,ha,1996,149700,FAOSTAT,0,AUS,Australia
rice,ha,1997,166700,FAOSTAT,0,AUS,Australia
rice,ha,1998,141200,FAOSTAT,0,AUS,Australia
rice,ha,1999,151700,FAOSTAT,0,AUS,Australia
rice,ha,2000,133300,FAOSTAT,0,AUS,Australia
rice,ha,2001,176576,FAOSTAT,0,AUS,Australia
rice,ha,2002,144369,FAOSTAT,0,AUS,Australia
rice,ha,2003,45838,FAOSTAT,0,AUS,Australia
rice,ha,2004,66396,FAOSTAT,0,AUS,Australia
rice,ha,2005,51216,FAOSTAT,0,AUS,Australia
rice,ha,2006,102128,FAOSTAT,0,AUS,Australia
rice,ha,2007,19708,FAOSTAT,0,AUS,Australia
rice,ha,2008,2318,FAOSTAT,0,AUS,Australia
rice,ha,2009,7194,FAOSTAT,0,AUS,Australia
rice,ha,2010,18931,FAOSTAT,0,AUS,Australia
rice,ha,2011,75783,FAOSTAT,0,AUS,Australia
rice,ha,2012,103115,FAOSTAT,0,AUS,Australia
rice,ha,2013,113638,FAOSTAT,0,AUS,Australia
rice,ha,2014,76692,FAOSTAT,0,AUS,Australia
rice,ha,2015,69664,FAOSTAT,0,AUS,Australia
rice,ha,2016,26625,FAOSTAT,0,AUS,Australia
rice,ha,2017,82204,FAOSTAT,0,AUS,Australia
rice,ha,2018,61151,FAOSTAT,0,AUS,Australia
rice,ha,2019,7620,FAOSTAT,0,AUS,Australia
rice,ha,2020,5007,FAOSTAT,0,AUS,Australia
sorg,ha,1961,103238,FAOSTAT,0,AUS,Australia
sorg,ha,1962,146764,FAOSTAT,0,AUS,Australia
sorg,ha,1963,158365,FAOSTAT,0,AUS,Australia
sorg,ha,1964,147994,FAOSTAT,0,AUS,Australia
sorg,ha,1965,139913,FAOSTAT,0,AUS,Australia
sorg,ha,1966,175403,FAOSTAT,0,AUS,Australia
sorg,ha,1967,203296,FAOSTAT,0,AUS,Australia
sorg,ha,1968,186900,FAOSTAT,0,AUS,Australia
sorg,ha,1969,209700,FAOSTAT,0,AUS,Australia
sorg,ha,1970,358746,FAOSTAT,0,AUS,Australia
sorg,ha,1971,552106,FAOSTAT,0,AUS,Australia
sorg,ha,1972,638400,FAOSTAT,0,AUS,Australia
sorg,ha,1973,697162,FAOSTAT,0,AUS,Australia
sorg,ha,1974,539671,FAOSTAT,0,AUS,Australia
sorg,ha,1975,511089,FAOSTAT,0,AUS,Australia
sorg,ha,1976,504000,FAOSTAT,0,AUS,Australia
sorg,ha,1977,532073,FAOSTAT,0,AUS,Australia
sorg,ha,1978,394100,FAOSTAT,0,AUS,Australia
sorg,ha,1979,468749,FAOSTAT,0,AUS,Australia
sorg,ha,1980,518605,FAOSTAT,0,AUS,Australia
sorg,ha,1981,658000,FAOSTAT,0,AUS,Australia
sorg,ha,1982,649000,FAOSTAT,0,AUS,Australia
sorg,ha,1983,706527,FAOSTAT,0,AUS,Australia
sorg,ha,1984,730325,FAOSTAT,0,AUS,Australia
sorg,ha,1985,723000,FAOSTAT,0,AUS,Australia
sorg,ha,1986,734163,FAOSTAT,0,AUS,Australia
sorg,ha,1987,818339,FAOSTAT,0,AUS,Australia
sorg,ha,1988,744958,FAOSTAT,0,AUS,Australia
sorg,ha,1989,624864,FAOSTAT,0,AUS,Australia
sorg,ha,1990,380034,FAOSTAT,0,AUS,Australia
sorg,ha,1991,377801,FAOSTAT,0,AUS,Australia
sorg,ha,1992,569137,FAOSTAT,0,AUS,Australia
sorg,ha,1993,427000,FAOSTAT,0,AUS,Australia
sorg,ha,1994,499461,FAOSTAT,0,AUS,Australia
sorg,ha,1995,686246,FAOSTAT,0,AUS,Australia
sorg,ha,1996,769928,FAOSTAT,0,AUS,Australia
sorg,ha,1997,544000,FAOSTAT,0,AUS,Australia
sorg,ha,1998,507000,FAOSTAT,0,AUS,Australia
sorg,ha,1999,587000,FAOSTAT,0,AUS,Australia
sorg,ha,2000,622267,FAOSTAT,0,AUS,Australia
sorg,ha,2001,757727,FAOSTAT,0,AUS,Australia
sorg,ha,2002,822771,FAOSTAT,0,AUS,Australia
sorg,ha,2003,666721,FAOSTAT,0,AUS,Australia
sorg,ha,2004,734234,FAOSTAT,0,AUS,Australia
sorg,ha,2005,755029,FAOSTAT,0,AUS,Australia
sorg,ha,2006,766680,FAOSTAT,0,AUS,Australia
sorg,ha,2007,613341,FAOSTAT,0,AUS,Australia
sorg,ha,2008,941550,FAOSTAT,0,AUS,Australia
sorg,ha,2009,766986,FAOSTAT,0,AUS,Australia
sorg,ha,2010,497909,FAOSTAT,0,AUS,Australia
sorg,ha,2011,633071,FAOSTAT,0,AUS,Australia
sorg,ha,2012,659279,FAOSTAT,0,AUS,Australia
sorg,ha,2013,647812,FAOSTAT,0,AUS,Australia
sorg,ha,2014,531996,FAOSTAT,0,AUS,Australia
sorg,ha,2015,732473,FAOSTAT,0,AUS,Australia
sorg,ha,2016,520527,FAOSTAT,0,AUS,Australia
sorg,ha,2017,367920,FAOSTAT,0,AUS,Australia
sorg,ha,2018,462191,FAOSTAT,0,AUS,Australia
sorg,ha,2019,550279,FAOSTAT,0,AUS,Australia
sorg,ha,2020,204113,FAOSTAT,0,AUS,Australia
soyb,ha,1961,300,FAOSTAT,0,AUS,Australia
soyb,ha,1962,336,FAOSTAT,0,AUS,Australia
soyb,ha,1963,1002,FAOSTAT,0,AUS,Australia
soyb,ha,1964,1673,FAOSTAT,0,AUS,Australia
soyb,ha,1965,1837,FAOSTAT,0,AUS,Australia
soyb,ha,1966,1996,FAOSTAT,0,AUS,Australia
soyb,ha,1967,1168,FAOSTAT,0,AUS,Australia
soyb,ha,1968,1619,FAOSTAT,0,AUS,Australia
soyb,ha,1969,2093,FAOSTAT,0,AUS,Australia
soyb,ha,1970,4967,FAOSTAT,0,AUS,Australia
soyb,ha,1971,7326,FAOSTAT,0,AUS,Australia
soyb,ha,1972,18019,FAOSTAT,0,AUS,Australia
soyb,ha,1973,27963,FAOSTAT,0,AUS,Australia
soyb,ha,1974,40849,FAOSTAT,0,AUS,Australia
soyb,ha,1975,45909,FAOSTAT,0,AUS,Australia
soyb,ha,1976,26320,FAOSTAT,0,AUS,Australia
soyb,ha,1977,34592,FAOSTAT,0,AUS,Australia
soyb,ha,1978,49900,FAOSTAT,0,AUS,Australia
soyb,ha,1979,53656,FAOSTAT,0,AUS,Australia
soyb,ha,1980,56529,FAOSTAT,0,AUS,Australia
soyb,ha,1981,39600,FAOSTAT,0,AUS,Australia
soyb,ha,1982,40532,FAOSTAT,0,AUS,Australia
soyb,ha,1983,48282,FAOSTAT,0,AUS,Australia
soyb,ha,1984,48081,FAOSTAT,0,AUS,Australia
soyb,ha,1985,63061,FAOSTAT,0,AUS,Australia
soyb,ha,1986,71000,FAOSTAT,0,AUS,Australia
soyb,ha,1987,54428,FAOSTAT,0,AUS,Australia
soyb,ha,1988,43453,FAOSTAT,0,AUS,Australia
soyb,ha,1989,70712,FAOSTAT,0,AUS,Australia
soyb,ha,1990,49251,FAOSTAT,0,AUS,Australia
soyb,ha,1991,39880,FAOSTAT,0,AUS,Australia
soyb,ha,1992,29611,FAOSTAT,0,AUS,Australia
soyb,ha,1993,30239,FAOSTAT,0,AUS,Australia
soyb,ha,1994,40633,FAOSTAT,0,AUS,Australia
soyb,ha,1995,17787,FAOSTAT,0,AUS,Australia
soyb,ha,1996,23803,FAOSTAT,0,AUS,Australia
soyb,ha,1997,39000,FAOSTAT,0,AUS,Australia
soyb,ha,1998,31700,FAOSTAT,0,AUS,Australia
soyb,ha,1999,48000,FAOSTAT,0,AUS,Australia
soyb,ha,2000,56000,FAOSTAT,0,AUS,Australia
soyb,ha,2001,33262,FAOSTAT,0,AUS,Australia
soyb,ha,2002,32360,FAOSTAT,0,AUS,Australia
soyb,ha,2003,6241,FAOSTAT,0,AUS,Australia
soyb,ha,2004,27018,FAOSTAT,0,AUS,Australia
soyb,ha,2005,26585,FAOSTAT,0,AUS,Australia
soyb,ha,2006,23889,FAOSTAT,0,AUS,Australia
soyb,ha,2007,13131,FAOSTAT,0,AUS,Australia
soyb,ha,2008,14900,FAOSTAT,0,AUS,Australia
soyb,ha,2009,42326,FAOSTAT,0,AUS,Australia
soyb,ha,2010,31300,FAOSTAT,0,AUS,Australia
soyb,ha,2011,17361,FAOSTAT,0,AUS,Australia
soyb,ha,2012,38100,FAOSTAT,0,AUS,Australia
soyb,ha,2013,41100,FAOSTAT,0,AUS,Australia
soyb,ha,2014,24911,FAOSTAT,0,AUS,Australia
soyb,ha,2015,20185,FAOSTAT,0,AUS,Australia
soyb,ha,2016,20789,FAOSTAT,0,AUS,Australia
soyb,ha,2017,16658,FAOSTAT,0,AUS,Australia
soyb,ha,2018,32073,FAOSTAT,0,AUS,Australia
soyb,ha,2019,13397,FAOSTAT,0,AUS,Australia
soyb,ha,2020,9775,FAOSTAT,0,AUS,Australia
sugc,ha,1961,156521,FAOSTAT,0,AUS,Australia
sugc,ha,1962,162514,FAOSTAT,0,AUS,Australia
sugc,ha,1963,168981,FAOSTAT,0,AUS,Australia
sugc,ha,1964,190355,FAOSTAT,0,AUS,Australia
sugc,ha,1965,203635,FAOSTAT,0,AUS,Australia
sugc,ha,1966,225407,FAOSTAT,0,AUS,Australia
sugc,ha,1967,223829,FAOSTAT,0,AUS,Australia
sugc,ha,1968,230052,FAOSTAT,0,AUS,Australia
sugc,ha,1969,212786,FAOSTAT,0,AUS,Australia
sugc,ha,1970,220521,FAOSTAT,0,AUS,Australia
sugc,ha,1971,233737,FAOSTAT,0,AUS,Australia
sugc,ha,1972,241699,FAOSTAT,0,AUS,Australia
sugc,ha,1973,225854,FAOSTAT,0,AUS,Australia
sugc,ha,1974,253142,FAOSTAT,0,AUS,Australia
sugc,ha,1975,256800,FAOSTAT,0,AUS,Australia
sugc,ha,1976,288186,FAOSTAT,0,AUS,Australia
sugc,ha,1977,295162,FAOSTAT,0,AUS,Australia
sugc,ha,1978,251700,FAOSTAT,0,AUS,Australia
sugc,ha,1979,267197,FAOSTAT,0,AUS,Australia
sugc,ha,1980,288277,FAOSTAT,0,AUS,Australia
sugc,ha,1981,315944,FAOSTAT,0,AUS,Australia
sugc,ha,1982,318483,FAOSTAT,0,AUS,Australia
sugc,ha,1983,307155,FAOSTAT,0,AUS,Australia
sugc,ha,1984,312634,FAOSTAT,0,AUS,Australia
sugc,ha,1985,303700,FAOSTAT,0,AUS,Australia
sugc,ha,1986,311000,FAOSTAT,0,AUS,Australia
sugc,ha,1987,307161,FAOSTAT,0,AUS,Australia
sugc,ha,1988,317000,FAOSTAT,0,AUS,Australia
sugc,ha,1989,313000,FAOSTAT,0,AUS,Australia
sugc,ha,1990,332000,FAOSTAT,0,AUS,Australia
sugc,ha,1991,341000,FAOSTAT,0,AUS,Australia
sugc,ha,1992,329000,FAOSTAT,0,AUS,Australia
sugc,ha,1993,328000,FAOSTAT,0,AUS,Australia
sugc,ha,1994,338000,FAOSTAT,0,AUS,Australia
sugc,ha,1995,365000,FAOSTAT,0,AUS,Australia
sugc,ha,1996,383000,FAOSTAT,0,AUS,Australia
sugc,ha,1997,401000,FAOSTAT,0,AUS,Australia
sugc,ha,1998,420000,FAOSTAT,0,AUS,Australia
sugc,ha,1999,414000,FAOSTAT,0,AUS,Australia
sugc,ha,2000,419000,FAOSTAT,0,AUS,Australia
sugc,ha,2001,403324,FAOSTAT,0,AUS,Australia
sugc,ha,2002,426159,FAOSTAT,0,AUS,Australia
sugc,ha,2003,448189,FAOSTAT,0,AUS,Australia
sugc,ha,2004,447644,FAOSTAT,0,AUS,Australia
sugc,ha,2005,433953,FAOSTAT,0,AUS,Australia
sugc,ha,2006,397745,FAOSTAT,0,AUS,Australia
sugc,ha,2007,408624,FAOSTAT,0,AUS,Australia
sugc,ha,2008,380543,FAOSTAT,0,AUS,Australia
sugc,ha,2009,391291,FAOSTAT,0,AUS,Australia
sugc,ha,2010,389471,FAOSTAT,0,AUS,Australia
sugc,ha,2011,308104,FAOSTAT,0,AUS,Australia
sugc,ha,2012,338626,FAOSTAT,0,AUS,Australia
sugc,ha,2013,329303,FAOSTAT,0,AUS,Australia
sugc,ha,2014,375216,FAOSTAT,0,AUS,Australia
sugc,ha,2015,376530,FAOSTAT,0,AUS,Australia
sugc,ha,2016,447204,FAOSTAT,0,AUS,Australia
sugc,ha,2017,453470,FAOSTAT,0,AUS,Australia
sugc,ha,2018,442958,FAOSTAT,0,AUS,Australia
sugc,ha,2019,395399,FAOSTAT,0,AUS,Australia
sugc,ha,2020,366426,FAOSTAT,0,AUS,Australia
sunf,ha,1961,2755,FAOSTAT,0,AUS,Australia
sunf,ha,1962,1812,FAOSTAT,0,AUS,Australia
sunf,ha,1963,3937,FAOSTAT,0,AUS,Australia
sunf,ha,1964,3750,FAOSTAT,0,AUS,Australia
sunf,ha,1965,3138,FAOSTAT,0,AUS,Australia
sunf,ha,1966,5224,FAOSTAT,0,AUS,Australia
sunf,ha,1967,3906,FAOSTAT,0,AUS,Australia
sunf,ha,1968,6046,FAOSTAT,0,AUS,Australia
sunf,ha,1969,13642,FAOSTAT,0,AUS,Australia
sunf,ha,1970,25981,FAOSTAT,0,AUS,Australia
sunf,ha,1971,75716,FAOSTAT,0,AUS,Australia
sunf,ha,1972,295019,FAOSTAT,0,AUS,Australia
sunf,ha,1973,241840,FAOSTAT,0,AUS,Australia
sunf,ha,1974,150578,FAOSTAT,0,AUS,Australia
sunf,ha,1975,209474,FAOSTAT,0,AUS,Australia
sunf,ha,1976,136880,FAOSTAT,0,AUS,Australia
sunf,ha,1977,134637,FAOSTAT,0,AUS,Australia
sunf,ha,1978,220442,FAOSTAT,0,AUS,Australia
sunf,ha,1979,260663,FAOSTAT,0,AUS,Australia
sunf,ha,1980,221126,FAOSTAT,0,AUS,Australia
sunf,ha,1981,197706,FAOSTAT,0,AUS,Australia
sunf,ha,1982,177547,FAOSTAT,0,AUS,Australia
sunf,ha,1983,176051,FAOSTAT,0,AUS,Australia
sunf,ha,1984,233510,FAOSTAT,0,AUS,Australia
sunf,ha,1985,354000,FAOSTAT,0,AUS,Australia
sunf,ha,1986,276853,FAOSTAT,0,AUS,Australia
sunf,ha,1987,192812,FAOSTAT,0,AUS,Australia
sunf,ha,1988,199890,FAOSTAT,0,AUS,Australia
sunf,ha,1989,184767,FAOSTAT,0,AUS,Australia
sunf,ha,1990,66412,FAOSTAT,0,AUS,Australia
sunf,ha,1991,166408,FAOSTAT,0,AUS,Australia
sunf,ha,1992,78650,FAOSTAT,0,AUS,Australia
sunf,ha,1993,59684,FAOSTAT,0,AUS,Australia
sunf,ha,1994,112707,FAOSTAT,0,AUS,Australia
sunf,ha,1995,135661,FAOSTAT,0,AUS,Australia
sunf,ha,1996,82360,FAOSTAT,0,AUS,Australia
sunf,ha,1997,138800,FAOSTAT,0,AUS,Australia
sunf,ha,1998,92400,FAOSTAT,0,AUS,Australia
sunf,ha,1999,167500,FAOSTAT,0,AUS,Australia
sunf,ha,2000,162000,FAOSTAT,0,AUS,Australia
sunf,ha,2001,82320,FAOSTAT,0,AUS,Australia
sunf,ha,2002,78759,FAOSTAT,0,AUS,Australia
sunf,ha,2003,47408,FAOSTAT,0,AUS,Australia
sunf,ha,2004,72445,FAOSTAT,0,AUS,Australia
sunf,ha,2005,47878,FAOSTAT,0,AUS,Australia
sunf,ha,2006,77516,FAOSTAT,0,AUS,Australia
sunf,ha,2007,18827,FAOSTAT,0,AUS,Australia
sunf,ha,2008,48400,FAOSTAT,0,AUS,Australia
sunf,ha,2009,51757,FAOSTAT,0,AUS,Australia
sunf,ha,2010,26600,FAOSTAT,0,AUS,Australia
sunf,ha,2011,37177,FAOSTAT,0,AUS,Australia
sunf,ha,2012,40200,FAOSTAT,0,AUS,Australia
sunf,ha,2013,30300,FAOSTAT,0,AUS,Australia
sunf,ha,2014,17121,FAOSTAT,0,AUS,Australia
sunf,ha,2015,25390,FAOSTAT,0,AUS,Australia
sunf,ha,2016,22804,FAOSTAT,0,AUS,Australia
sunf,ha,2017,16104,FAOSTAT,0,AUS,Australia
sunf,ha,2018,14305,FAOSTAT,0,AUS,Australia
sunf,ha,2019,10970,FAOSTAT,0,AUS,Australia
sunf,ha,2020,8536,FAOSTAT,0,AUS,Australia
swpo,ha,1961,192,FAOSTAT,0,AUS,Australia
swpo,ha,1962,190,FAOSTAT,0,AUS,Australia
swpo,ha,1963,200,FAOSTAT,0,AUS,Australia
swpo,ha,1964,178,FAOSTAT,0,AUS,Australia
swpo,ha,1965,202,FAOSTAT,0,AUS,Australia
swpo,ha,1966,166,FAOSTAT,0,AUS,Australia
swpo,ha,1967,286,FAOSTAT,0,AUS,Australia
swpo,ha,1968,249,FAOSTAT,0,AUS,Australia
swpo,ha,1969,245,FAOSTAT,0,AUS,Australia
swpo,ha,1970,238,FAOSTAT,0,AUS,Australia
swpo,ha,1971,265,FAOSTAT,0,AUS,Australia
swpo,ha,1972,297,FAOSTAT,0,AUS,Australia
swpo,ha,1973,293,FAOSTAT,0,AUS,Australia
swpo,ha,1974,263,FAOSTAT,0,AUS,Australia
swpo,ha,1975,221,FAOSTAT,0,AUS,Australia
swpo,ha,1976,277,FAOSTAT,0,AUS,Australia
swpo,ha,1977,240,FAOSTAT,0,AUS,Australia
swpo,ha,1978,246,FAOSTAT,0,AUS,Australia
swpo,ha,1979,277,FAOSTAT,0,AUS,Australia
swpo,ha,1980,324,FAOSTAT,0,AUS,Australia
swpo,ha,1981,330,FAOSTAT,0,AUS,Australia
swpo,ha,1982,330,FAOSTAT,0,AUS,Australia
swpo,ha,1983,291,FAOSTAT,0,AUS,Australia
swpo,ha,1984,323,FAOSTAT,0,AUS,Australia
swpo,ha,1985,340,FAOSTAT,0,AUS,Australia
swpo,ha,1986,336,FAOSTAT,0,AUS,Australia
swpo,ha,1987,377,FAOSTAT,0,AUS,Australia
swpo,ha,1988,387,FAOSTAT,0,AUS,Australia
swpo,ha,1989,424,FAOSTAT,0,AUS,Australia
swpo,ha,1990,444,FAOSTAT,0,AUS,Australia
swpo,ha,1991,438,FAOSTAT,0,AUS,Australia
swpo,ha,1992,465,FAOSTAT,0,AUS,Australia
swpo,ha,1993,570,FAOSTAT,0,AUS,Australia
swpo,ha,1994,593,FAOSTAT,0,AUS,Australia
swpo,ha,1995,516,FAOSTAT,0,AUS,Australia
swpo,ha,1996,384,FAOSTAT,0,AUS,Australia
swpo,ha,1997,450,FAOSTAT,0,AUS,Australia
swpo,ha,1998,650,FAOSTAT,0,AUS,Australia
swpo,ha,1999,800,FAOSTAT,0,AUS,Australia
swpo,ha,2000,850,FAOSTAT,0,AUS,Australia
swpo,ha,2001,900,FAOSTAT,0,AUS,Australia
swpo,ha,2002,950,FAOSTAT,0,AUS,Australia
swpo,ha,2003,1100,FAOSTAT,0,AUS,Australia
swpo,ha,2004,1200,FAOSTAT,0,AUS,Australia
swpo,ha,2005,1250,FAOSTAT,0,AUS,Australia
swpo,ha,2006,1589,FAOSTAT,0,AUS,Australia
swpo,ha,2007,1419,FAOSTAT,0,AUS,Australia
swpo,ha,2008,1441,FAOSTAT,0,AUS,Australia
swpo,ha,2009,1693,FAOSTAT,0,AUS,Australia
swpo,ha,2010,1673,FAOSTAT,0,AUS,Australia
swpo,ha,2011,1797,FAOSTAT,0,AUS,Australia
swpo,ha,2012,1870,FAOSTAT,0,AUS,Australia
swpo,ha,2013,1923,FAOSTAT,0,AUS,Australia
swpo,ha,2014,1903,FAOSTAT,0,AUS,Australia
swpo,ha,2015,1996,FAOSTAT,0,AUS,Australia
swpo,ha,2016,1941,FAOSTAT,0,AUS,Australia
swpo,ha,2017,1946,FAOSTAT,0,AUS,Australia
swpo,ha,2018,1961,FAOSTAT,0,AUS,Australia
swpo,ha,2019,1949,FAOSTAT,0,AUS,Australia
swpo,ha,2020,1952,FAOSTAT,0,AUS,Australia
temf,ha,1961,99331,FAOSTAT,0,AUS,Australia
temf,ha,1962,99762,FAOSTAT,0,AUS,Australia
temf,ha,1963,103404,FAOSTAT,0,AUS,Australia
temf,ha,1964,105701,FAOSTAT,0,AUS,Australia
temf,ha,1965,106848,FAOSTAT,0,AUS,Australia
temf,ha,1966,108508,FAOSTAT,0,AUS,Australia
temf,ha,1967,108466,FAOSTAT,0,AUS,Australia
temf,ha,1968,108257,FAOSTAT,0,AUS,Australia
temf,ha,1969,108151,FAOSTAT,0,AUS,Australia
temf,ha,1970,108799,FAOSTAT,0,AUS,Australia
temf,ha,1971,110471,FAOSTAT,0,AUS,Australia
temf,ha,1972,113285,FAOSTAT,0,AUS,Australia
temf,ha,1973,112983,FAOSTAT,0,AUS,Australia
temf,ha,1974,110832,FAOSTAT,0,AUS,Australia
temf,ha,1975,108146,FAOSTAT,0,AUS,Australia
temf,ha,1976,103713,FAOSTAT,0,AUS,Australia
temf,ha,1977,102581,FAOSTAT,0,AUS,Australia
temf,ha,1978,101148,FAOSTAT,0,AUS,Australia
temf,ha,1979,101779,FAOSTAT,0,AUS,Australia
temf,ha,1980,101255,FAOSTAT,0,AUS,Australia
temf,ha,1981,100301,FAOSTAT,0,AUS,Australia
temf,ha,1982,100679,FAOSTAT,0,AUS,Australia
temf,ha,1983,98730,FAOSTAT,0,AUS,Australia
temf,ha,1984,97214,FAOSTAT,0,AUS,Australia
temf,ha,1985,97670,FAOSTAT,0,AUS,Australia
temf,ha,1986,99097,FAOSTAT,0,AUS,Australia
temf,ha,1987,93244,FAOSTAT,0,AUS,Australia
temf,ha,1988,95237,FAOSTAT,0,AUS,Australia
temf,ha,1989,98005,FAOSTAT,0,AUS,Australia
temf,ha,1990,101652,FAOSTAT,0,AUS,Australia
temf,ha,1991,102031,FAOSTAT,0,AUS,Australia
temf,ha,1992,103984,FAOSTAT,0,AUS,Australia
temf,ha,1993,106951,FAOSTAT,0,AUS,Australia
temf,ha,1994,111092,FAOSTAT,0,AUS,Australia
temf,ha,1995,112495,FAOSTAT,0,AUS,Australia
temf,ha,1996,115082,FAOSTAT,0,AUS,Australia
temf,ha,1997,123927,FAOSTAT,0,AUS,Australia
temf,ha,1998,129203,FAOSTAT,0,AUS,Australia
temf,ha,1999,148325,FAOSTAT,0,AUS,Australia
temf,ha,2000,170070,FAOSTAT,0,AUS,Australia
temf,ha,2001,185045,FAOSTAT,0,AUS,Australia
temf,ha,2002,188767,FAOSTAT,0,AUS,Australia
temf,ha,2003,204270,FAOSTAT,0,AUS,Australia
temf,ha,2004,200410,FAOSTAT,0,AUS,Australia
temf,ha,2005,208432,FAOSTAT,0,AUS,Australia
temf,ha,2006,245095,FAOSTAT,0,AUS,Australia
temf,ha,2007,239826,FAOSTAT,0,AUS,Australia
temf,ha,2008,215164,FAOSTAT,0,AUS,Australia
temf,ha,2009,231562,FAOSTAT,0,AUS,Australia
temf,ha,2010,210694,FAOSTAT,0,AUS,Australia
temf,ha,2011,222698,FAOSTAT,0,AUS,Australia
temf,ha,2012,202772,FAOSTAT,0,AUS,Australia
temf,ha,2013,200143,FAOSTAT,0,AUS,Australia
temf,ha,2014,186722,FAOSTAT,0,AUS,Australia
temf,ha,2015,202796,FAOSTAT,0,AUS,Australia
temf,ha,2016,191841,FAOSTAT,0,AUS,Australia
temf,ha,2017,189794,FAOSTAT,0,AUS,Australia
temf,ha,2018,189637,FAOSTAT,0,AUS,Australia
temf,ha,2019,178407,FAOSTAT,0,AUS,Australia
temf,ha,2020,181539,FAOSTAT,0,AUS,Australia
toba,ha,1961,11822,FAOSTAT,0,AUS,Australia
toba,ha,1962,10776,FAOSTAT,0,AUS,Australia
toba,ha,1963,11890,FAOSTAT,0,AUS,Australia
toba,ha,1964,11746,FAOSTAT,0,AUS,Australia
toba,ha,1965,10647,FAOSTAT,0,AUS,Australia
toba,ha,1966,9503,FAOSTAT,0,AUS,Australia
toba,ha,1967,9058,FAOSTAT,0,AUS,Australia
toba,ha,1968,9295,FAOSTAT,0,AUS,Australia
toba,ha,1969,10426,FAOSTAT,0,AUS,Australia
toba,ha,1970,10805,FAOSTAT,0,AUS,Australia
toba,ha,1971,10886,FAOSTAT,0,AUS,Australia
toba,ha,1972,9955,FAOSTAT,0,AUS,Australia
toba,ha,1973,9600,FAOSTAT,0,AUS,Australia
toba,ha,1974,9278,FAOSTAT,0,AUS,Australia
toba,ha,1975,9248,FAOSTAT,0,AUS,Australia
toba,ha,1976,9200,FAOSTAT,0,AUS,Australia
toba,ha,1977,9404,FAOSTAT,0,AUS,Australia
toba,ha,1978,8534,FAOSTAT,0,AUS,Australia
toba,ha,1979,8065,FAOSTAT,0,AUS,Australia
toba,ha,1980,7526,FAOSTAT,0,AUS,Australia
toba,ha,1981,7113,FAOSTAT,0,AUS,Australia
toba,ha,1982,6644,FAOSTAT,0,AUS,Australia
toba,ha,1983,6669,FAOSTAT,0,AUS,Australia
toba,ha,1984,6504,FAOSTAT,0,AUS,Australia
toba,ha,1985,5422,FAOSTAT,0,AUS,Australia
toba,ha,1986,4651,FAOSTAT,0,AUS,Australia
toba,ha,1987,5086,FAOSTAT,0,AUS,Australia
toba,ha,1988,5097,FAOSTAT,0,AUS,Australia
toba,ha,1989,4581,FAOSTAT,0,AUS,Australia
toba,ha,1990,5063,FAOSTAT,0,AUS,Australia
toba,ha,1991,4902,FAOSTAT,0,AUS,Australia
toba,ha,1992,4722,FAOSTAT,0,AUS,Australia
toba,ha,1993,4480,FAOSTAT,0,AUS,Australia
toba,ha,1994,3013,FAOSTAT,0,AUS,Australia
toba,ha,1995,2901,FAOSTAT,0,AUS,Australia
toba,ha,1996,3060,FAOSTAT,0,AUS,Australia
toba,ha,1997,3200,FAOSTAT,0,AUS,Australia
toba,ha,1998,2900,FAOSTAT,0,AUS,Australia
toba,ha,1999,2800,FAOSTAT,0,AUS,Australia
toba,ha,2000,3185,FAOSTAT,0,AUS,Australia
toba,ha,2001,3000,FAOSTAT,0,AUS,Australia
toba,ha,2002,3000,FAOSTAT,0,AUS,Australia
toba,ha,2003,2306,FAOSTAT,0,AUS,Australia
toba,ha,2004,1536,FAOSTAT,0,AUS,Australia
toba,ha,2005,1417,FAOSTAT,0,AUS,Australia
toba,ha,2006,1450,FAOSTAT,0,AUS,Australia
toba,ha,2007,1450,FAOSTAT,0,AUS,Australia
toba,ha,2008,1442,FAOSTAT,0,AUS,Australia
toba,ha,2009,1346,FAOSTAT,0,AUS,Australia
toba,ha,2010,1252,FAOSTAT,0,AUS,Australia
toba,ha,2011,1162,FAOSTAT,0,AUS,Australia
toba,ha,2012,1072,FAOSTAT,0,AUS,Australia
toba,ha,2013,983,FAOSTAT,0,AUS,Australia
toba,ha,2014,895,FAOSTAT,0,AUS,Australia
toba,ha,2015,858,FAOSTAT,0,AUS,Australia
toba,ha,2016,936,FAOSTAT,0,AUS,Australia
toba,ha,2017,897,FAOSTAT,0,AUS,Australia
toba,ha,2018,897,FAOSTAT,0,AUS,Australia
toba,ha,2019,910,FAOSTAT,0,AUS,Australia
toba,ha,2020,901,FAOSTAT,0,AUS,Australia
trof,ha,1961,25767,FAOSTAT,0,AUS,Australia
trof,ha,1962,25757,FAOSTAT,0,AUS,Australia
trof,ha,1963,26347,FAOSTAT,0,AUS,Australia
trof,ha,1964,27056,FAOSTAT,0,AUS,Australia
trof,ha,1965,27621,FAOSTAT,0,AUS,Australia
trof,ha,1966,28628,FAOSTAT,0,AUS,Australia
trof,ha,1967,29724,FAOSTAT,0,AUS,Australia
trof,ha,1968,30886,FAOSTAT,0,AUS,Australia
trof,ha,1969,32285,FAOSTAT,0,AUS,Australia
trof,ha,1970,32157,FAOSTAT,0,AUS,Australia
trof,ha,1971,32978,FAOSTAT,0,AUS,Australia
trof,ha,1972,33095,FAOSTAT,0,AUS,Australia
trof,ha,1973,32492,FAOSTAT,0,AUS,Australia
trof,ha,1974,31733,FAOSTAT,0,AUS,Australia
trof,ha,1975,30542,FAOSTAT,0,AUS,Australia
trof,ha,1976,30766,FAOSTAT,0,AUS,Australia
trof,ha,1977,31704,FAOSTAT,0,AUS,Australia
trof,ha,1978,32582,FAOSTAT,0,AUS,Australia
trof,ha,1979,32661,FAOSTAT,0,AUS,Australia
trof,ha,1980,33584,FAOSTAT,0,AUS,Australia
trof,ha,1981,33297,FAOSTAT,0,AUS,Australia
trof,ha,1982,34455,FAOSTAT,0,AUS,Australia
trof,ha,1983,37389,FAOSTAT,0,AUS,Australia
trof,ha,1984,39180,FAOSTAT,0,AUS,Australia
trof,ha,1985,43043,FAOSTAT,0,AUS,Australia
trof,ha,1986,42428,FAOSTAT,0,AUS,Australia
trof,ha,1987,44065,FAOSTAT,0,AUS,Australia
trof,ha,1988,44910,FAOSTAT,0,AUS,Australia
trof,ha,1989,47338,FAOSTAT,0,AUS,Australia
trof,ha,1990,47976,FAOSTAT,0,AUS,Australia
trof,ha,1991,49502,FAOSTAT,0,AUS,Australia
trof,ha,1992,50886,FAOSTAT,0,AUS,Australia
trof,ha,1993,54903,FAOSTAT,0,AUS,Australia
trof,ha,1994,56423,FAOSTAT,0,AUS,Australia
trof,ha,1995,56785,FAOSTAT,0,AUS,Australia
trof,ha,1996,55977,FAOSTAT,0,AUS,Australia
trof,ha,1997,57346,FAOSTAT,0,AUS,Australia
trof,ha,1998,56325,FAOSTAT,0,AUS,Australia
trof,ha,1999,58089,FAOSTAT,0,AUS,Australia
trof,ha,2000,59534,FAOSTAT,0,AUS,Australia
trof,ha,2001,57758,FAOSTAT,0,AUS,Australia
trof,ha,2002,54285,FAOSTAT,0,AUS,Australia
trof,ha,2003,59294,FAOSTAT,0,AUS,Australia
trof,ha,2004,55540,FAOSTAT,0,AUS,Australia
trof,ha,2005,56025,FAOSTAT,0,AUS,Australia
trof,ha,2006,58115,FAOSTAT,0,AUS,Australia
trof,ha,2007,62060,FAOSTAT,0,AUS,Australia
trof,ha,2008,60408,FAOSTAT,0,AUS,Australia
trof,ha,2009,57999,FAOSTAT,0,AUS,Australia
trof,ha,2010,62448,FAOSTAT,0,AUS,Australia
trof,ha,2011,55095,FAOSTAT,0,AUS,Australia
trof,ha,2012,60224,FAOSTAT,0,AUS,Australia
trof,ha,2013,62214,FAOSTAT,0,AUS,Australia
trof,ha,2014,56800,FAOSTAT,0,AUS,Australia
trof,ha,2015,57352,FAOSTAT,0,AUS,Australia
trof,ha,2016,66537,FAOSTAT,0,AUS,Australia
trof,ha,2017,64250,FAOSTAT,0,AUS,Australia
trof,ha,2018,71199,FAOSTAT,0,AUS,Australia
trof,ha,2019,69643,FAOSTAT,0,AUS,Australia
trof,ha,2020,74054,FAOSTAT,0,AUS,Australia
vege,ha,1961,59762,FAOSTAT,0,AUS,Australia
vege,ha,1962,59588,FAOSTAT,0,AUS,Australia
vege,ha,1963,60935,FAOSTAT,0,AUS,Australia
vege,ha,1964,57020,FAOSTAT,0,AUS,Australia
vege,ha,1965,61669,FAOSTAT,0,AUS,Australia
vege,ha,1966,63950,FAOSTAT,0,AUS,Australia
vege,ha,1967,62318,FAOSTAT,0,AUS,Australia
vege,ha,1968,65024,FAOSTAT,0,AUS,Australia
vege,ha,1969,64373,FAOSTAT,0,AUS,Australia
vege,ha,1970,57901,FAOSTAT,0,AUS,Australia
vege,ha,1971,64575,FAOSTAT,0,AUS,Australia
vege,ha,1972,64378,FAOSTAT,0,AUS,Australia
vege,ha,1973,62099,FAOSTAT,0,AUS,Australia
vege,ha,1974,62639,FAOSTAT,0,AUS,Australia
vege,ha,1975,62214,FAOSTAT,0,AUS,Australia
vege,ha,1976,62134,FAOSTAT,0,AUS,Australia
vege,ha,1977,57860,FAOSTAT,0,AUS,Australia
vege,ha,1978,61886,FAOSTAT,0,AUS,Australia
vege,ha,1979,57971,FAOSTAT,0,AUS,Australia
vege,ha,1980,56789,FAOSTAT,0,AUS,Australia
vege,ha,1981,59681,FAOSTAT,0,AUS,Australia
vege,ha,1982,62061,FAOSTAT,0,AUS,Australia
vege,ha,1983,60358,FAOSTAT,0,AUS,Australia
vege,ha,1984,60000,FAOSTAT,0,AUS,Australia
vege,ha,1985,60212,FAOSTAT,0,AUS,Australia
vege,ha,1986,61458,FAOSTAT,0,AUS,Australia
vege,ha,1987,63567,FAOSTAT,0,AUS,Australia
vege,ha,1988,66038,FAOSTAT,0,AUS,Australia
vege,ha,1989,68801,FAOSTAT,0,AUS,Australia
vege,ha,1990,63819,FAOSTAT,0,AUS,Australia
vege,ha,1991,61450,FAOSTAT,0,AUS,Australia
vege,ha,1992,62597,FAOSTAT,0,AUS,Australia
vege,ha,1993,62447,FAOSTAT,0,AUS,Australia
vege,ha,1994,64339,FAOSTAT,0,AUS,Australia
vege,ha,1995,66706,FAOSTAT,0,AUS,Australia
vege,ha,1996,71960,FAOSTAT,0,AUS,Australia
vege,ha,1997,72534,FAOSTAT,0,AUS,Australia
vege,ha,1998,70047,FAOSTAT,0,AUS,Australia
vege,ha,1999,68707,FAOSTAT,0,AUS,Australia
vege,ha,2000,70643,FAOSTAT,0,AUS,Australia
vege,ha,2001,72717,FAOSTAT,0,AUS,Australia
vege,ha,2002,69658,FAOSTAT,0,AUS,Australia
vege,ha,2003,65808,FAOSTAT,0,AUS,Australia
vege,ha,2004,66314,FAOSTAT,0,AUS,Australia
vege,ha,2005,62096,FAOSTAT,0,AUS,Australia
vege,ha,2006,67900,FAOSTAT,0,AUS,Australia
vege,ha,2007,65960,FAOSTAT,0,AUS,Australia
vege,ha,2008,56954,FAOSTAT,0,AUS,Australia
vege,ha,2009,60771,FAOSTAT,0,AUS,Australia
vege,ha,2010,64366,FAOSTAT,0,AUS,Australia
vege,ha,2011,67961,FAOSTAT,0,AUS,Australia
vege,ha,2012,64762,FAOSTAT,0,AUS,Australia
vege,ha,2013,61380,FAOSTAT,0,AUS,Australia
vege,ha,2014,64280,FAOSTAT,0,AUS,Australia
vege,ha,2015,61005,FAOSTAT,0,AUS,Australia
vege,ha,2016,63064,FAOSTAT,0,AUS,Australia
vege,ha,2017,66952,FAOSTAT,0,AUS,Australia
vege,ha,2018,64838,FAOSTAT,0,AUS,Australia
vege,ha,2019,63194,FAOSTAT,0,AUS,Australia
vege,ha,2020,55608,FAOSTAT,0,AUS,Australia
whea,ha,1961,5958110,FAOSTAT,0,AUS,Australia
whea,ha,1962,6664679,FAOSTAT,0,AUS,Australia
whea,ha,1963,6666676,FAOSTAT,0,AUS,Australia
whea,ha,1964,7251495,FAOSTAT,0,AUS,Australia
whea,ha,1965,7087977,FAOSTAT,0,AUS,Australia
whea,ha,1966,8426760,FAOSTAT,0,AUS,Australia
whea,ha,1967,9081640,FAOSTAT,0,AUS,Australia
whea,ha,1968,10845345,FAOSTAT,0,AUS,Australia
whea,ha,1969,9485958,FAOSTAT,0,AUS,Australia
whea,ha,1970,6478418,FAOSTAT,0,AUS,Australia
whea,ha,1971,7137852,FAOSTAT,0,AUS,Australia
whea,ha,1972,7604082,FAOSTAT,0,AUS,Australia
whea,ha,1973,8948257,FAOSTAT,0,AUS,Australia
whea,ha,1974,8307541,FAOSTAT,0,AUS,Australia
whea,ha,1975,8555202,FAOSTAT,0,AUS,Australia
whea,ha,1976,8956259,FAOSTAT,0,AUS,Australia
whea,ha,1977,9954865,FAOSTAT,0,AUS,Australia
whea,ha,1978,10248895,FAOSTAT,0,AUS,Australia
whea,ha,1979,11152714,FAOSTAT,0,AUS,Australia
whea,ha,1980,11283051,FAOSTAT,0,AUS,Australia
whea,ha,1981,11885000,FAOSTAT,0,AUS,Australia
whea,ha,1982,11519662,FAOSTAT,0,AUS,Australia
whea,ha,1983,12930637,FAOSTAT,0,AUS,Australia
whea,ha,1984,12078000,FAOSTAT,0,AUS,Australia
whea,ha,1985,11682000,FAOSTAT,0,AUS,Australia
whea,ha,1986,11135000,FAOSTAT,0,AUS,Australia
whea,ha,1987,9005000,FAOSTAT,0,AUS,Australia
whea,ha,1988,8826822,FAOSTAT,0,AUS,Australia
whea,ha,1989,9003872,FAOSTAT,0,AUS,Australia
whea,ha,1990,9218091,FAOSTAT,0,AUS,Australia
whea,ha,1991,7183000,FAOSTAT,0,AUS,Australia
whea,ha,1992,8274614,FAOSTAT,0,AUS,Australia
whea,ha,1993,8383000,FAOSTAT,0,AUS,Australia
whea,ha,1994,7890690,FAOSTAT,0,AUS,Australia
whea,ha,1995,9220820,FAOSTAT,0,AUS,Australia
whea,ha,1996,10936000,FAOSTAT,0,AUS,Australia
whea,ha,1997,10441000,FAOSTAT,0,AUS,Australia
whea,ha,1998,11543000,FAOSTAT,0,AUS,Australia
whea,ha,1999,12338000,FAOSTAT,0,AUS,Australia
whea,ha,2000,12141000,FAOSTAT,0,AUS,Australia
whea,ha,2001,12141389,FAOSTAT,0,AUS,Australia
whea,ha,2002,11529155,FAOSTAT,0,AUS,Australia
whea,ha,2003,11170280,FAOSTAT,0,AUS,Australia
whea,ha,2004,13067077,FAOSTAT,0,AUS,Australia
whea,ha,2005,13399397,FAOSTAT,0,AUS,Australia
whea,ha,2006,12442719,FAOSTAT,0,AUS,Australia
whea,ha,2007,11797888,FAOSTAT,0,AUS,Australia
whea,ha,2008,12578309,FAOSTAT,0,AUS,Australia
whea,ha,2009,13530196,FAOSTAT,0,AUS,Australia
whea,ha,2010,13881030,FAOSTAT,0,AUS,Australia
whea,ha,2011,13501780,FAOSTAT,0,AUS,Australia
whea,ha,2012,13902140,FAOSTAT,0,AUS,Australia
whea,ha,2013,12979382,FAOSTAT,0,AUS,Australia
whea,ha,2014,12613226,FAOSTAT,0,AUS,Australia
whea,ha,2015,12383673,FAOSTAT,0,AUS,Australia
whea,ha,2016,11282202,FAOSTAT,0,AUS,Australia
whea,ha,2017,12191153,FAOSTAT,0,AUS,Australia
whea,ha,2018,10919180,FAOSTAT,0,AUS,Australia
whea,ha,2019,10402271,FAOSTAT,0,AUS,Australia
whea,ha,2020,9863184,FAOSTAT,0,AUS,Australia
